MOFID,targets,Vatomic,EE_B_p,GATS4e,GATS1m,MATS4p,SpMin1_Bh_s,ATSC2e,SpMax2_Bh_m,GATS3p,Mp,EM,GATS2e,GATS2p,SpMAD_B_p,ratomic,GATS5e,GATS1p,SM1_Dz_e,ATSC1e,ATSC1p,P,m,Eta_sh_x,ATSC6p
1,-0.812586,10.63,9.553,1.715,0.969,0.008,1.633,1.093,4.724,2.012,0.907,4.85,1.347,1.319,1.849,1.47,1.576,1.716,-1.169,0.956,19.105,1.54,47.87,0.096,67.338
2,-0.848386,10.63,9.548,1.84,0.925,0.012,1.58,1.38,4.724,2.013,0.904,4.85,1.25,1.318,1.853,1.47,1.554,1.751,-1.099,1.324,24.072,1.54,47.87,0.096,67.986
3,-0.840086,10.63,9.556,1.582,0.994,0.028,1.634,1.004,4.724,2.063,0.862,4.85,1.214,1.346,1.789,1.47,1.527,1.716,-0.872,0.99,18.931,1.54,47.87,0.089,74.436
4,-0.778386,10.63,9.572,1.727,0.924,0.015,1.633,1.118,4.724,2.003,0.876,4.85,1.348,1.319,1.817,1.47,1.641,1.691,-1.169,0.971,19.384,1.54,47.87,0.069,82.682
5,-0.836186,10.63,9.567,1.854,0.886,0.019,1.58,1.413,4.724,2.004,0.873,4.85,1.256,1.318,1.82,1.47,1.622,1.725,-1.099,1.343,24.445,1.54,47.87,0.069,83.266
6,-0.796186,10.63,9.57,1.614,0.911,0.026,1.633,0.792,4.724,2.101,0.888,4.85,1.213,1.335,1.82,1.47,1.597,1.693,-0.447,0.801,19.322,1.54,47.87,0.071,61.682
7,-0.885086,10.63,9.564,1.777,0.871,0.031,1.58,1.034,4.724,2.102,0.885,4.85,1.167,1.334,1.822,1.47,1.628,1.728,-0.297,1.178,24.345,1.54,47.87,0.071,62.442
8,-0.812086,10.63,9.564,1.665,0.935,0.019,1.633,1.157,4.723,2.0,0.861,4.85,1.297,1.263,1.746,1.47,1.555,1.69,-1.169,0.986,19.113,1.54,47.87,0.075,91.72
9,-0.826886,10.63,9.568,1.571,0.931,0.02,1.633,1.005,4.724,2.021,0.876,4.85,1.226,1.293,1.808,1.47,1.608,1.673,-0.872,0.952,19.481,1.54,47.87,0.075,74.814
10,-0.853786,10.63,9.569,1.363,0.904,0.012,1.633,0.775,4.723,2.027,0.898,4.85,0.949,1.293,1.808,1.47,1.386,1.683,-0.553,0.793,19.362,1.54,47.87,0.071,70.737
11,-0.963986,10.63,9.562,1.499,0.868,0.017,1.58,1.051,4.723,2.055,0.886,4.85,0.939,1.297,1.802,1.47,1.379,1.727,-0.42,1.18,24.269,1.54,47.87,0.072,73.769
12,-0.663186,10.63,9.574,1.283,0.935,0.029,1.631,1.77,4.725,2.112,0.896,4.85,0.911,1.34,1.802,1.47,1.151,1.702,1.222,1.075,19.41,1.54,47.87,0.065,58.594
13,-1.123986,10.63,9.569,1.413,0.892,0.034,1.578,2.112,4.725,2.113,0.893,4.85,0.913,1.339,1.804,1.47,1.147,1.736,1.285,1.546,24.424,1.54,47.87,0.065,59.359
14,-0.840386,10.63,9.566,1.544,0.909,0.024,1.633,1.261,4.724,2.074,0.882,4.85,1.07,1.293,1.814,1.47,1.652,1.683,-0.447,0.806,19.191,1.54,47.87,0.077,63.603
15,-0.845486,10.63,9.56,1.692,0.869,0.028,1.58,1.493,4.724,2.075,0.879,4.85,1.038,1.292,1.816,1.47,1.663,1.717,-0.297,1.178,24.209,1.54,47.87,0.077,64.304
16,-0.855486,10.63,9.561,1.918,0.969,0.008,1.633,1.056,4.723,2.175,0.918,4.85,1.425,1.402,1.837,1.47,1.795,1.745,-1.169,0.939,19.496,1.54,47.87,0.08,57.632
17,-0.757486,10.63,9.567,1.85,0.886,0.016,1.58,1.413,4.724,1.998,0.873,4.85,1.256,1.318,1.827,1.47,1.547,1.725,-1.099,1.343,24.445,1.54,47.87,0.069,77.913
18,-0.929086,10.63,9.586,1.371,0.826,0.026,1.58,1.8,4.723,2.076,0.869,4.85,0.887,1.334,1.789,1.47,1.307,1.715,1.285,1.451,25.138,1.54,47.87,0.052,79.482
19,-0.898486,10.63,9.555,1.479,0.959,0.014,1.635,1.013,4.724,2.036,0.9,4.85,1.188,1.33,1.84,1.47,1.328,1.723,-1.003,0.905,18.998,1.54,47.87,0.091,60.627
20,-0.846986,10.63,9.547,1.383,0.924,0.064,1.581,1.498,4.723,2.21,0.916,4.85,1.108,1.334,1.847,1.47,1.378,1.753,0.137,1.258,24.396,1.54,47.87,0.095,43.482
21,-0.825286,10.63,9.558,1.413,0.983,0.032,1.635,0.933,4.724,2.083,0.857,4.85,1.111,1.354,1.782,1.47,1.334,1.722,-0.641,0.949,18.897,1.54,47.87,0.085,69.011
22,-0.979886,10.63,9.562,1.495,0.92,0.028,1.635,0.978,4.723,2.062,0.886,4.85,1.096,1.324,1.802,1.47,1.405,1.702,-0.484,0.801,19.132,1.54,47.87,0.076,61.378
23,-0.794386,10.63,9.572,1.479,0.905,0.032,1.635,0.833,4.724,2.118,0.883,4.85,1.132,1.343,1.814,1.47,1.432,1.699,-0.068,0.786,19.321,1.54,47.87,0.068,55.308
24,-0.859986,10.63,9.571,1.278,0.899,0.018,1.635,0.829,4.723,2.045,0.893,4.85,0.913,1.301,1.804,1.47,1.275,1.688,-0.22,0.782,19.354,1.54,47.87,0.068,64.117
25,-0.767686,10.63,9.575,1.266,0.927,0.037,1.633,1.944,4.725,2.163,0.882,4.85,0.919,1.366,1.789,1.47,1.125,1.719,1.358,1.132,19.299,1.54,47.87,0.063,53.362
26,-0.826486,10.63,9.568,1.416,0.904,0.029,1.635,1.268,4.724,2.093,0.877,4.85,1.007,1.302,1.807,1.47,1.479,1.689,-0.068,0.789,19.184,1.54,47.87,0.073,57.345
27,-0.684986,10.63,9.592,1.232,0.857,0.028,1.635,1.624,4.723,2.113,0.862,4.85,0.888,1.353,1.777,1.47,1.222,1.693,1.358,1.046,20.193,1.54,47.87,0.05,73.819
28,-0.875986,10.63,9.563,1.652,0.96,0.015,1.635,0.988,4.723,2.192,0.911,4.85,1.257,1.409,1.831,1.47,1.511,1.75,-1.003,0.892,19.403,1.54,47.87,0.077,50.531
29,-0.887486,10.63,9.592,1.232,0.857,0.028,1.635,1.624,4.723,2.113,0.862,4.85,0.888,1.353,1.777,1.47,1.222,1.693,1.358,1.046,20.193,1.54,47.87,0.05,73.819
30,0.017914,9.83,8.48,1.712,1.009,0.018,1.61,0.913,4.912,1.983,0.881,5.31,1.303,1.286,1.812,1.53,1.516,1.699,-0.756,0.778,15.769,1.63,50.94,0.078,61.505
31,0.226814,9.83,8.48,1.712,1.009,0.018,1.61,0.913,4.912,1.983,0.881,5.31,1.303,1.286,1.812,1.53,1.516,1.699,-0.756,0.778,15.769,1.63,50.94,0.078,61.505
32,0.547614,9.83,8.474,1.872,0.965,0.024,1.558,1.199,4.912,1.985,0.877,5.31,1.192,1.285,1.815,1.53,1.503,1.74,-0.648,1.077,19.949,1.63,50.94,0.078,62.169
33,0.381514,9.83,8.474,1.872,0.965,0.024,1.558,1.199,4.912,1.985,0.877,5.31,1.192,1.285,1.815,1.53,1.503,1.74,-0.648,1.077,19.949,1.63,50.94,0.078,62.169
34,0.412414,9.83,8.473,1.291,1.018,0.071,1.609,0.894,4.912,2.167,0.899,5.31,1.159,1.293,1.816,1.53,1.462,1.703,0.422,0.664,15.912,1.63,50.94,0.081,44.741
35,0.294014,9.83,8.473,1.291,1.018,0.071,1.609,0.894,4.912,2.167,0.899,5.31,1.159,1.293,1.816,1.53,1.462,1.703,0.422,0.664,15.912,1.63,50.94,0.081,44.741
36,0.447014,9.83,8.466,1.477,0.971,0.079,1.557,1.237,4.912,2.168,0.895,5.31,1.115,1.292,1.819,1.53,1.413,1.744,0.555,1.024,20.038,1.63,50.94,0.081,45.182
37,0.212914,9.83,8.466,1.477,0.971,0.079,1.557,1.237,4.912,2.168,0.895,5.31,1.115,1.292,1.819,1.53,1.413,1.744,0.555,1.024,20.038,1.63,50.94,0.081,45.182
38,0.244114,9.83,8.489,1.543,1.031,0.039,1.61,0.834,4.913,2.029,0.838,5.31,1.138,1.309,1.751,1.53,1.438,1.692,-0.264,0.824,15.893,1.63,50.94,0.072,68.522
39,0.211014,9.83,8.489,1.543,1.031,0.039,1.61,0.834,4.913,2.029,0.838,5.31,1.138,1.309,1.751,1.53,1.438,1.692,-0.264,0.824,15.893,1.63,50.94,0.072,68.522
40,0.460314,9.83,8.482,1.704,0.99,0.044,1.558,1.104,4.913,2.031,0.835,5.31,1.083,1.308,1.754,1.53,1.403,1.734,-0.081,1.131,20.094,1.63,50.94,0.073,69.784
41,0.392114,9.83,8.482,1.704,0.99,0.044,1.558,1.104,4.913,2.031,0.835,5.31,1.083,1.308,1.754,1.53,1.403,1.734,-0.081,1.131,20.094,1.63,50.94,0.073,69.784
42,0.253414,9.83,8.5,1.63,0.968,0.035,1.61,0.899,4.912,2.013,0.868,5.31,1.123,1.284,1.776,1.53,1.51,1.681,-0.026,0.697,16.111,1.63,50.94,0.065,60.331
43,0.489014,9.83,8.493,1.805,0.927,0.041,1.558,1.142,4.912,2.014,0.865,5.31,1.072,1.283,1.779,1.53,1.536,1.721,0.175,0.997,20.318,1.63,50.94,0.065,60.904
44,0.356414,9.83,8.493,1.805,0.927,0.041,1.558,1.142,4.912,2.014,0.865,5.31,1.072,1.283,1.779,1.53,1.536,1.721,0.175,0.997,20.318,1.63,50.94,0.065,60.904
45,0.203214,9.83,8.535,1.718,0.962,0.023,1.61,0.945,4.912,1.967,0.857,5.31,1.3,1.282,1.79,1.53,1.574,1.665,-0.756,0.797,16.747,1.63,50.94,0.056,74.367
46,0.467214,9.83,8.535,1.718,0.962,0.023,1.61,0.945,4.912,1.967,0.857,5.31,1.3,1.282,1.79,1.53,1.574,1.665,-0.756,0.797,16.747,1.63,50.94,0.056,74.367
47,0.445414,9.83,8.529,1.881,0.923,0.028,1.558,1.24,4.912,1.968,0.854,5.31,1.195,1.281,1.793,1.53,1.566,1.705,-0.648,1.099,21.004,1.63,50.94,0.056,74.991
48,0.312614,9.83,8.529,1.881,0.923,0.028,1.558,1.24,4.912,1.968,0.854,5.31,1.195,1.281,1.793,1.53,1.566,1.705,-0.648,1.099,21.004,1.63,50.94,0.056,74.991
49,0.241214,9.83,8.528,1.553,0.954,0.041,1.61,0.63,4.912,2.068,0.867,5.31,1.161,1.305,1.793,1.53,1.48,1.678,0.422,0.641,16.384,1.63,50.94,0.058,55.67
50,0.503714,9.83,8.528,1.553,0.954,0.041,1.61,0.63,4.912,2.068,0.867,5.31,1.161,1.305,1.793,1.53,1.48,1.678,0.422,0.641,16.384,1.63,50.94,0.058,55.67
51,0.291314,9.83,8.521,1.758,0.913,0.046,1.558,0.947,4.912,2.07,0.864,5.31,1.115,1.304,1.795,1.53,1.533,1.718,0.555,0.976,20.604,1.63,50.94,0.058,56.401
52,0.365314,9.83,8.511,1.655,0.971,0.028,1.61,0.983,4.912,1.963,0.841,5.31,1.25,1.227,1.716,1.53,1.498,1.665,-0.756,0.81,16.6,1.63,50.94,0.061,83.022
53,0.358314,9.83,8.511,1.655,0.971,0.028,1.61,0.983,4.912,1.963,0.841,5.31,1.25,1.227,1.716,1.53,1.498,1.665,-0.756,0.81,16.6,1.63,50.94,0.061,83.022
54,0.490714,9.83,8.507,1.819,0.925,0.03,1.558,1.263,4.912,1.942,0.847,5.31,1.142,1.223,1.727,1.53,1.495,1.695,-0.648,1.104,20.828,1.63,50.94,0.061,81.338
55,0.471814,9.83,8.507,1.819,0.925,0.03,1.558,1.263,4.912,1.942,0.847,5.31,1.142,1.223,1.727,1.53,1.495,1.695,-0.648,1.104,20.828,1.63,50.94,0.061,81.338
56,0.151814,9.83,8.522,1.531,0.97,0.031,1.61,0.834,4.913,1.988,0.854,5.31,1.172,1.261,1.778,1.53,1.544,1.651,-0.264,0.785,16.578,1.63,50.94,0.061,67.535
57,0.221914,9.83,8.522,1.531,0.97,0.031,1.61,0.834,4.913,1.988,0.854,5.31,1.172,1.261,1.778,1.53,1.544,1.651,-0.264,0.785,16.578,1.63,50.94,0.061,67.535
58,0.514214,9.83,8.512,1.695,0.937,0.036,1.558,1.124,4.913,2.014,0.842,5.31,1.111,1.264,1.772,1.53,1.534,1.701,-0.081,1.096,20.736,1.63,50.94,0.062,70.395
59,0.505214,9.83,8.512,1.695,0.937,0.036,1.558,1.124,4.913,2.014,0.842,5.31,1.111,1.264,1.772,1.53,1.534,1.701,-0.081,1.096,20.736,1.63,50.94,0.062,70.395
60,0.172414,9.83,8.525,1.307,0.947,0.022,1.61,0.621,4.912,1.994,0.877,5.31,0.871,1.259,1.781,1.53,1.32,1.662,0.3,0.636,16.376,1.63,50.94,0.057,63.973
61,0.150614,9.83,8.525,1.307,0.947,0.022,1.61,0.621,4.912,1.994,0.877,5.31,0.871,1.259,1.781,1.53,1.32,1.662,0.3,0.636,16.376,1.63,50.94,0.057,63.973
62,0.467814,9.83,8.516,1.471,0.91,0.028,1.558,0.944,4.912,2.02,0.865,5.31,0.866,1.261,1.774,1.53,1.322,1.711,0.45,0.97,20.596,1.63,50.94,0.058,66.998
63,0.431114,9.83,8.516,1.471,0.91,0.028,1.558,0.944,4.912,2.02,0.865,5.31,0.866,1.261,1.774,1.53,1.322,1.711,0.45,0.97,20.596,1.63,50.94,0.058,66.998
64,0.252114,9.83,8.535,1.351,0.941,0.05,1.556,1.984,4.914,2.083,0.871,5.31,0.865,1.31,1.78,1.53,1.054,1.729,1.548,1.389,20.593,1.63,50.94,0.053,53.631
65,0.268814,9.83,8.535,1.351,0.941,0.05,1.556,1.984,4.914,2.083,0.871,5.31,0.865,1.31,1.78,1.53,1.054,1.729,1.548,1.389,20.593,1.63,50.94,0.053,53.631
66,0.145614,9.83,8.517,1.495,0.951,0.036,1.61,1.093,4.913,2.044,0.86,5.31,0.995,1.261,1.783,1.53,1.579,1.669,0.422,0.642,16.24,1.63,50.94,0.062,57.27
67,0.231914,9.83,8.517,1.495,0.951,0.036,1.61,1.093,4.913,2.044,0.86,5.31,0.995,1.261,1.783,1.53,1.579,1.669,0.422,0.642,16.24,1.63,50.94,0.062,57.27
68,0.488914,9.83,8.51,1.68,0.911,0.041,1.558,1.389,4.913,2.046,0.857,5.31,0.967,1.261,1.785,1.53,1.602,1.709,0.555,0.979,20.455,1.63,50.94,0.062,57.951
69,0.486814,9.83,8.51,1.68,0.911,0.041,1.558,1.389,4.913,2.046,0.857,5.31,0.967,1.261,1.785,1.53,1.602,1.709,0.555,0.979,20.455,1.63,50.94,0.062,57.951
70,0.048614,9.83,8.589,1.196,0.907,0.032,1.61,1.346,4.912,2.036,0.855,5.31,0.83,1.3,1.769,1.53,1.184,1.658,1.501,0.895,17.537,1.63,50.94,0.042,70.491
71,0.222714,9.83,8.589,1.196,0.907,0.032,1.61,1.346,4.912,2.036,0.855,5.31,0.83,1.3,1.769,1.53,1.184,1.658,1.501,0.895,17.537,1.63,50.94,0.042,70.491
72,0.228314,9.83,8.583,1.33,0.87,0.036,1.558,1.686,4.912,2.038,0.853,5.31,0.835,1.3,1.77,1.53,1.24,1.697,1.548,1.28,21.803,1.63,50.94,0.042,71.041
73,0.395614,9.83,8.583,1.33,0.87,0.036,1.558,1.686,4.912,2.038,0.853,5.31,0.835,1.3,1.77,1.53,1.24,1.697,1.548,1.28,21.803,1.63,50.94,0.042,71.041
74,0.222014,9.83,8.503,1.911,1.012,0.02,1.61,0.882,4.912,2.141,0.894,5.31,1.377,1.366,1.806,1.53,1.715,1.727,-0.756,0.765,16.163,1.63,50.94,0.065,52.18
75,0.193714,9.83,8.503,1.911,1.012,0.02,1.61,0.882,4.912,2.141,0.894,5.31,1.377,1.366,1.806,1.53,1.715,1.727,-0.756,0.765,16.163,1.63,50.94,0.065,52.18
76,0.463314,9.83,8.497,2.098,0.968,0.026,1.558,1.168,4.912,2.143,0.891,5.31,1.264,1.365,1.809,1.53,1.713,1.768,-0.648,1.067,20.344,1.63,50.94,0.065,52.822
77,0.440514,9.83,8.497,2.098,0.968,0.026,1.558,1.168,4.912,2.143,0.891,5.31,1.264,1.365,1.809,1.53,1.713,1.768,-0.648,1.067,20.344,1.63,50.94,0.065,52.822
78,0.316114,9.83,8.535,1.713,0.962,0.02,1.61,0.945,4.912,1.958,0.857,5.31,1.3,1.282,1.798,1.53,1.502,1.665,-0.756,0.797,16.747,1.63,50.94,0.056,71.5
79,0.188814,9.83,8.535,1.713,0.962,0.02,1.61,0.945,4.912,1.958,0.857,5.31,1.3,1.282,1.798,1.53,1.502,1.665,-0.756,0.797,16.747,1.63,50.94,0.056,71.5
80,0.683314,9.83,8.529,1.877,0.923,0.025,1.562,1.24,4.912,1.96,0.854,5.31,1.195,1.281,1.8,1.53,1.493,1.705,-0.648,1.099,21.004,1.63,50.94,0.056,72.228
81,0.480014,9.83,8.529,1.877,0.923,0.025,1.562,1.24,4.912,1.96,0.854,5.31,1.195,1.281,1.8,1.53,1.493,1.705,-0.648,1.099,21.004,1.63,50.94,0.056,72.228
82,0.235414,9.83,8.589,1.196,0.907,0.032,1.61,1.346,4.912,2.036,0.855,5.31,0.83,1.3,1.769,1.53,1.184,1.658,1.501,0.895,17.537,1.63,50.94,0.042,70.491
83,0.461114,9.83,8.583,1.33,0.87,0.036,1.558,1.686,4.912,2.038,0.853,5.31,0.835,1.3,1.77,1.53,1.24,1.697,1.548,1.28,21.803,1.63,50.94,0.042,71.041
84,0.389914,9.83,8.583,1.33,0.87,0.036,1.558,1.686,4.912,2.038,0.853,5.31,0.835,1.3,1.77,1.53,1.24,1.697,1.548,1.28,21.803,1.63,50.94,0.042,71.041
85,0.083414,9.83,8.487,1.426,1.0,0.026,1.612,0.843,4.912,2.006,0.874,5.31,1.116,1.295,1.805,1.53,1.224,1.705,-0.492,0.734,15.787,1.63,50.94,0.074,57.41
86,0.186714,9.83,8.487,1.426,1.0,0.026,1.612,0.843,4.912,2.006,0.874,5.31,1.116,1.295,1.805,1.53,1.224,1.705,-0.492,0.734,15.787,1.63,50.94,0.074,57.41
87,0.493514,9.83,8.48,1.602,0.957,0.031,1.561,1.114,4.912,2.008,0.871,5.31,1.064,1.294,1.808,1.53,1.262,1.746,-0.35,1.035,19.979,1.63,50.94,0.074,58.47
88,0.448214,9.83,8.48,1.602,0.957,0.031,1.561,1.114,4.912,2.008,0.871,5.31,1.064,1.294,1.808,1.53,1.262,1.746,-0.35,1.035,19.979,1.63,50.94,0.074,58.47
89,0.561514,9.83,8.48,1.195,1.017,0.078,1.611,1.053,4.912,2.191,0.891,5.31,1.081,1.304,1.809,1.53,1.296,1.712,0.702,0.705,15.829,1.63,50.94,0.077,39.895
90,0.015814,9.83,8.48,1.195,1.017,0.078,1.611,1.053,4.912,2.191,0.891,5.31,1.081,1.304,1.809,1.53,1.296,1.712,0.702,0.705,15.829,1.63,50.94,0.077,39.895
91,0.434214,9.83,8.473,1.366,0.971,0.086,1.56,1.392,4.912,2.192,0.887,5.31,1.057,1.303,1.812,1.53,1.275,1.752,0.805,1.075,19.97,1.63,50.94,0.077,40.762
92,0.312414,9.83,8.473,1.366,0.971,0.086,1.56,1.392,4.912,2.192,0.887,5.31,1.057,1.303,1.812,1.53,1.275,1.752,0.805,1.075,19.97,1.63,50.94,0.077,40.762
93,0.184814,9.83,8.496,1.353,1.021,0.045,1.612,0.773,4.913,2.048,0.834,5.31,1.029,1.316,1.747,1.53,1.223,1.697,0.175,0.789,15.961,1.63,50.94,0.069,65.325
94,0.143614,9.83,8.496,1.353,1.021,0.045,1.612,0.773,4.913,2.048,0.834,5.31,1.029,1.316,1.747,1.53,1.223,1.697,0.175,0.789,15.961,1.63,50.94,0.069,65.325
95,0.460214,9.83,8.489,1.514,0.98,0.05,1.561,1.031,4.913,2.051,0.831,5.31,1.002,1.316,1.75,1.53,1.224,1.739,0.343,1.098,20.174,1.63,50.94,0.069,66.951
96,0.476014,9.83,8.5,1.617,0.922,0.047,1.561,1.132,4.912,2.034,0.86,5.31,1.0,1.29,1.775,1.53,1.351,1.727,0.521,0.977,20.392,1.63,50.94,0.062,57.163
97,0.456814,9.83,8.5,1.617,0.922,0.047,1.561,1.132,4.912,2.034,0.86,5.31,1.0,1.29,1.775,1.53,1.351,1.727,0.521,0.977,20.392,1.63,50.94,0.062,57.163
98,0.259714,9.83,8.542,1.441,0.952,0.029,1.612,0.892,4.912,1.983,0.853,5.31,1.116,1.287,1.786,1.53,1.275,1.669,-0.492,0.761,16.884,1.63,50.94,0.054,70.685
99,0.301614,9.83,8.542,1.441,0.952,0.029,1.612,0.892,4.912,1.983,0.853,5.31,1.116,1.287,1.786,1.53,1.275,1.669,-0.492,0.761,16.884,1.63,50.94,0.054,70.685
100,0.470614,9.83,8.535,1.616,0.915,0.034,1.561,1.176,4.912,1.984,0.85,5.31,1.065,1.286,1.789,1.53,1.314,1.708,-0.35,1.065,21.148,1.63,50.94,0.054,71.674
101,0.443814,9.83,8.535,1.616,0.915,0.034,1.561,1.176,4.912,1.984,0.85,5.31,1.065,1.286,1.789,1.53,1.314,1.708,-0.35,1.065,21.148,1.63,50.94,0.054,71.674
102,0.207014,9.83,8.534,1.409,0.949,0.048,1.612,0.745,4.912,2.084,0.862,5.31,1.073,1.311,1.789,1.53,1.305,1.683,0.702,0.659,16.467,1.63,50.94,0.055,51.716
103,0.236114,9.83,8.534,1.409,0.949,0.048,1.612,0.745,4.912,2.084,0.862,5.31,1.073,1.311,1.789,1.53,1.305,1.683,0.702,0.659,16.467,1.63,50.94,0.055,51.716
104,0.389614,9.83,8.528,1.601,0.909,0.053,1.561,1.09,4.912,2.086,0.859,5.31,1.047,1.31,1.791,1.53,1.37,1.723,0.805,1.014,20.695,1.63,50.94,0.056,52.81
105,0.412214,9.83,8.528,1.601,0.909,0.053,1.561,1.09,4.912,2.086,0.859,5.31,1.047,1.31,1.791,1.53,1.37,1.723,0.805,1.014,20.695,1.63,50.94,0.056,52.81
106,0.343314,9.83,8.52,1.393,0.953,0.031,1.612,0.913,4.912,1.957,0.846,5.31,1.068,1.231,1.725,1.53,1.221,1.66,-0.492,0.766,16.709,1.63,50.94,0.058,77.18
107,0.289014,9.83,8.52,1.393,0.953,0.031,1.612,0.913,4.912,1.957,0.846,5.31,1.068,1.231,1.725,1.53,1.221,1.66,-0.492,0.766,16.709,1.63,50.94,0.058,77.18
108,0.479014,9.83,8.513,1.562,0.915,0.036,1.561,1.198,4.912,1.959,0.843,5.31,1.018,1.23,1.727,1.53,1.255,1.699,-0.35,1.069,20.975,1.63,50.94,0.058,78.128
109,0.480814,9.83,8.513,1.562,0.915,0.036,1.561,1.198,4.912,1.959,0.843,5.31,1.018,1.23,1.727,1.53,1.255,1.699,-0.35,1.069,20.975,1.63,50.94,0.058,78.128
110,0.291214,9.83,8.529,1.349,0.962,0.037,1.612,0.763,4.913,2.006,0.85,5.31,1.053,1.268,1.774,1.53,1.312,1.656,0.175,0.741,16.664,1.63,50.94,0.059,63.876
111,0.482614,9.83,8.522,1.521,0.923,0.041,1.561,1.016,4.913,2.008,0.847,5.31,1.019,1.267,1.777,1.53,1.348,1.696,0.343,1.047,20.895,1.63,50.94,0.059,64.894
112,0.391214,9.83,8.522,1.521,0.923,0.041,1.561,1.016,4.913,2.008,0.847,5.31,1.019,1.267,1.777,1.53,1.348,1.696,0.343,1.047,20.895,1.63,50.94,0.059,64.894
113,0.140714,9.83,8.532,1.22,0.942,0.029,1.612,0.735,4.912,2.011,0.872,5.31,0.838,1.265,1.778,1.53,1.201,1.667,0.612,0.653,16.46,1.63,50.94,0.055,59.862
114,0.460614,9.83,8.525,1.365,0.903,0.034,1.561,1.073,4.912,2.013,0.87,5.31,0.837,1.264,1.78,1.53,1.243,1.707,0.723,1.004,20.689,1.63,50.94,0.055,60.872
115,0.374214,9.83,8.525,1.365,0.903,0.034,1.561,1.073,4.912,2.013,0.87,5.31,0.837,1.264,1.78,1.53,1.243,1.707,0.723,1.004,20.689,1.63,50.94,0.055,60.872
116,0.123114,9.83,8.544,1.187,0.976,0.053,1.61,1.817,4.914,2.13,0.862,5.31,0.869,1.333,1.766,1.53,1.028,1.704,1.605,1.046,16.45,1.63,50.94,0.051,49.978
117,0.255714,9.83,8.537,1.329,0.934,0.059,1.558,2.15,4.914,2.132,0.859,5.31,0.876,1.332,1.768,1.53,1.03,1.744,1.648,1.452,20.678,1.63,50.94,0.051,51.05
118,0.248914,9.83,8.537,1.329,0.934,0.059,1.558,2.15,4.914,2.132,0.859,5.31,0.876,1.332,1.768,1.53,1.03,1.744,1.648,1.452,20.678,1.63,50.94,0.051,51.05
119,0.136714,9.83,8.523,1.357,0.946,0.043,1.612,1.165,4.913,2.062,0.855,5.31,0.932,1.269,1.779,1.53,1.386,1.675,0.702,0.665,16.316,1.63,50.94,0.06,53.436
120,0.301514,9.83,8.523,1.357,0.946,0.043,1.612,1.165,4.913,2.062,0.855,5.31,0.932,1.269,1.779,1.53,1.386,1.675,0.702,0.665,16.316,1.63,50.94,0.06,53.436
121,0.493914,9.83,8.517,1.532,0.907,0.048,1.561,1.486,4.913,2.064,0.852,5.31,0.919,1.268,1.781,1.53,1.429,1.715,0.805,1.023,20.541,1.63,50.94,0.06,54.484
122,0.432014,9.83,8.517,1.532,0.907,0.048,1.561,1.486,4.913,2.064,0.852,5.31,0.919,1.268,1.781,1.53,1.429,1.715,0.805,1.023,20.541,1.63,50.94,0.06,54.484
123,0.200214,9.83,8.591,1.176,0.902,0.038,1.612,1.511,4.912,2.071,0.846,5.31,0.834,1.316,1.759,1.53,1.146,1.669,1.605,0.947,17.795,1.63,50.94,0.04,67.501
124,0.352814,9.83,8.591,1.176,0.902,0.038,1.612,1.511,4.912,2.071,0.846,5.31,0.834,1.316,1.759,1.53,1.146,1.669,1.605,0.947,17.795,1.63,50.94,0.04,67.501
125,0.325814,9.83,8.585,1.303,0.867,0.043,1.561,1.848,4.912,2.073,0.844,5.31,0.84,1.315,1.761,1.53,1.2,1.708,1.648,1.337,22.074,1.63,50.94,0.041,68.405
126,0.399814,9.83,8.585,1.303,0.867,0.043,1.561,1.848,4.912,2.073,0.844,5.31,0.84,1.315,1.761,1.53,1.2,1.708,1.648,1.337,22.074,1.63,50.94,0.041,68.405
127,0.270314,9.83,8.51,1.592,1.003,0.028,1.612,0.823,4.912,2.158,0.888,5.31,1.182,1.371,1.801,1.53,1.384,1.73,-0.492,0.724,16.184,1.63,50.94,0.062,47.773
128,0.331614,9.83,8.51,1.592,1.003,0.028,1.612,0.823,4.912,2.158,0.888,5.31,1.182,1.371,1.801,1.53,1.384,1.73,-0.492,0.724,16.184,1.63,50.94,0.062,47.773
129,0.439514,9.83,8.503,1.793,0.961,0.034,1.561,1.097,4.912,2.16,0.885,5.31,1.127,1.37,1.804,1.53,1.436,1.772,-0.35,1.028,20.377,1.63,50.94,0.063,48.811
130,0.343914,9.83,8.503,1.793,0.961,0.034,1.561,1.097,4.912,2.16,0.885,5.31,1.127,1.37,1.804,1.53,1.436,1.772,-0.35,1.028,20.377,1.63,50.94,0.063,48.811
131,0.314314,9.83,8.585,1.303,0.867,0.043,1.561,1.848,4.912,2.073,0.844,5.31,0.84,1.315,1.761,1.53,1.2,1.708,1.648,1.337,22.074,1.63,50.94,0.041,68.405
132,0.479814,9.83,8.585,1.303,0.867,0.043,1.561,1.848,4.912,2.073,0.844,5.31,0.84,1.315,1.761,1.53,1.2,1.708,1.648,1.337,22.074,1.63,50.94,0.041,68.405
133,1.318314,8.65,8.126,1.707,1.023,0.023,1.588,0.776,4.98,1.968,0.871,4.1,1.246,1.271,1.798,1.52,1.447,1.69,-0.396,0.622,14.69,1.66,52.0,0.066,59.331
134,1.336914,8.65,8.126,1.707,1.023,0.023,1.588,0.776,4.98,1.968,0.871,4.1,1.246,1.271,1.798,1.52,1.447,1.69,-0.396,0.622,14.69,1.66,52.0,0.066,59.331
135,1.145514,8.65,8.119,1.909,0.979,0.029,1.538,1.061,4.98,1.97,0.867,4.1,1.125,1.27,1.802,1.52,1.45,1.733,-0.238,0.86,18.583,1.66,52.0,0.066,60.002
136,1.166114,8.65,8.119,1.909,0.979,0.029,1.538,1.061,4.98,1.97,0.867,4.1,1.125,1.27,1.802,1.52,1.45,1.733,-0.238,0.86,18.583,1.66,52.0,0.066,60.002
137,1.216414,8.65,8.115,1.245,1.033,0.079,1.587,0.828,4.98,2.157,0.888,4.1,1.111,1.279,1.802,1.52,1.357,1.699,0.774,0.556,14.675,1.66,52.0,0.068,42.701
138,1.200414,8.65,8.115,1.245,1.033,0.079,1.587,0.828,4.98,2.157,0.888,4.1,1.111,1.279,1.802,1.52,1.357,1.699,0.774,0.556,14.675,1.66,52.0,0.068,42.701
139,0.951314,8.65,8.108,1.473,0.986,0.088,1.536,1.163,4.98,2.158,0.884,4.1,1.068,1.278,1.806,1.52,1.319,1.743,0.87,0.857,18.514,1.66,52.0,0.069,43.16
140,0.699014,8.65,8.108,1.473,0.986,0.088,1.536,1.163,4.98,2.158,0.884,4.1,1.068,1.278,1.806,1.52,1.319,1.743,0.87,0.857,18.514,1.66,52.0,0.069,43.16
141,1.229614,8.65,8.138,1.497,1.044,0.045,1.588,0.707,4.98,2.011,0.829,4.1,1.052,1.292,1.738,1.52,1.345,1.68,0.294,0.678,14.91,1.66,52.0,0.061,66.32
142,1.194614,8.65,8.138,1.497,1.044,0.045,1.588,0.707,4.98,2.011,0.829,4.1,1.052,1.292,1.738,1.52,1.345,1.68,0.294,0.678,14.91,1.66,52.0,0.061,66.32
143,1.124614,8.65,8.131,1.699,1.002,0.05,1.538,0.976,4.98,2.014,0.826,4.1,1.004,1.291,1.741,1.52,1.322,1.724,0.444,0.923,18.823,1.66,52.0,0.061,67.574
144,1.270614,8.65,8.131,1.699,1.002,0.05,1.538,0.976,4.98,2.014,0.826,4.1,1.004,1.291,1.741,1.52,1.322,1.724,0.444,0.923,18.823,1.66,52.0,0.061,67.574
145,1.300314,8.65,8.153,1.601,0.982,0.041,1.588,0.771,4.98,1.998,0.86,4.1,1.053,1.269,1.765,1.52,1.425,1.672,0.481,0.55,15.113,1.66,52.0,0.055,57.624
146,1.287414,8.65,8.153,1.601,0.982,0.041,1.588,0.771,4.98,1.998,0.86,4.1,1.053,1.269,1.765,1.52,1.425,1.672,0.481,0.55,15.113,1.66,52.0,0.055,57.624
147,1.079914,8.65,8.146,1.815,0.941,0.047,1.538,1.013,4.98,2.0,0.857,4.1,1.007,1.268,1.768,1.52,1.472,1.715,0.607,0.787,19.03,1.66,52.0,0.055,58.207
148,1.132014,8.65,8.146,1.815,0.941,0.047,1.538,1.013,4.98,2.0,0.857,4.1,1.007,1.268,1.768,1.52,1.472,1.715,0.607,0.787,19.03,1.66,52.0,0.055,58.207
149,1.273914,8.65,8.203,1.706,0.974,0.027,1.588,0.813,4.98,1.948,0.85,4.1,1.239,1.264,1.781,1.52,1.498,1.651,-0.396,0.643,15.888,1.66,52.0,0.047,71.406
150,1.338114,8.65,8.203,1.706,0.974,0.027,1.588,0.813,4.98,1.948,0.85,4.1,1.239,1.264,1.781,1.52,1.498,1.651,-0.396,0.643,15.888,1.66,52.0,0.047,71.406
151,1.260014,8.65,8.196,1.911,0.936,0.032,1.552,1.107,4.98,1.95,0.847,4.1,1.126,1.263,1.783,1.52,1.507,1.693,-0.238,0.883,19.852,1.66,52.0,0.047,72.045
152,1.009014,8.65,8.196,1.911,0.936,0.032,1.552,1.107,4.98,1.95,0.847,4.1,1.126,1.263,1.783,1.52,1.507,1.693,-0.238,0.883,19.852,1.66,52.0,0.047,72.045
153,1.436414,8.65,8.193,1.49,0.968,0.047,1.588,0.543,4.98,2.051,0.859,4.1,1.107,1.29,1.783,1.52,1.357,1.669,0.774,0.513,15.419,1.66,52.0,0.049,53.497
154,1.482814,8.65,8.193,1.49,0.968,0.047,1.588,0.543,4.98,2.051,0.859,4.1,1.107,1.29,1.783,1.52,1.357,1.669,0.774,0.513,15.419,1.66,52.0,0.049,53.497
155,1.520814,8.65,8.186,1.741,0.928,0.053,1.538,0.884,4.98,2.053,0.856,4.1,1.062,1.289,1.786,1.52,1.44,1.711,0.87,0.798,19.346,1.66,52.0,0.049,54.217
156,0.840214,8.65,8.186,1.741,0.928,0.053,1.538,0.884,4.98,2.053,0.856,4.1,1.062,1.289,1.786,1.52,1.44,1.711,0.87,0.798,19.346,1.66,52.0,0.049,54.217
157,1.240114,8.65,8.169,1.642,0.984,0.032,1.588,0.849,4.98,1.944,0.834,4.1,1.189,1.21,1.707,1.52,1.433,1.652,-0.396,0.654,15.788,1.66,52.0,0.051,79.923
158,1.235414,8.65,8.169,1.642,0.984,0.032,1.588,0.849,4.98,1.944,0.834,4.1,1.189,1.21,1.707,1.52,1.433,1.652,-0.396,0.654,15.788,1.66,52.0,0.051,79.923
159,1.146514,8.65,8.166,1.847,0.937,0.034,1.538,1.13,4.98,1.924,0.84,4.1,1.076,1.207,1.718,1.52,1.444,1.684,-0.238,0.887,19.691,1.66,52.0,0.051,78.273
160,1.035514,8.65,8.166,1.847,0.937,0.034,1.538,1.13,4.98,1.924,0.84,4.1,1.076,1.207,1.718,1.52,1.444,1.684,-0.238,0.887,19.691,1.66,52.0,0.051,78.273
161,1.251414,8.65,8.185,1.488,0.982,0.035,1.588,0.705,4.98,1.971,0.847,4.1,1.111,1.246,1.768,1.52,1.477,1.64,0.294,0.637,15.629,1.66,52.0,0.052,64.93
162,1.214914,8.65,8.185,1.488,0.982,0.035,1.588,0.705,4.98,1.971,0.847,4.1,1.111,1.246,1.768,1.52,1.477,1.64,0.294,0.637,15.629,1.66,52.0,0.052,64.93
163,1.081814,8.65,8.173,1.692,0.949,0.041,1.538,0.994,4.98,1.996,0.835,4.1,1.048,1.248,1.762,1.52,1.482,1.692,0.444,0.885,19.532,1.66,52.0,0.052,67.753
164,1.066414,8.65,8.173,1.692,0.949,0.041,1.538,0.994,4.98,1.996,0.835,4.1,1.048,1.248,1.762,1.52,1.482,1.692,0.444,0.885,19.532,1.66,52.0,0.052,67.753
165,1.280814,8.65,8.189,1.254,0.961,0.026,1.588,0.544,4.98,1.977,0.87,4.1,0.795,1.242,1.772,1.52,1.259,1.651,0.69,0.512,15.4,1.66,52.0,0.048,61.557
166,1.180314,8.65,8.189,1.254,0.961,0.026,1.588,0.544,4.98,1.977,0.87,4.1,0.795,1.242,1.772,1.52,1.259,1.651,0.69,0.512,15.4,1.66,52.0,0.048,61.557
167,1.132314,8.65,8.179,1.446,0.924,0.033,1.538,0.877,4.98,2.002,0.857,4.1,0.797,1.243,1.765,1.52,1.272,1.702,0.794,0.788,19.368,1.66,52.0,0.049,64.578
168,1.029114,8.65,8.179,1.446,0.924,0.033,1.538,0.877,4.98,2.002,0.857,4.1,0.797,1.243,1.765,1.52,1.272,1.702,0.794,0.788,19.368,1.66,52.0,0.049,64.578
169,0.925214,8.65,8.211,1.126,1.0,0.052,1.586,1.553,4.982,2.066,0.867,4.1,0.813,1.297,1.77,1.52,0.966,1.681,1.635,0.91,15.385,1.66,52.0,0.044,50.835
170,0.890514,8.65,8.211,1.126,1.0,0.052,1.586,1.553,4.982,2.066,0.867,4.1,0.813,1.297,1.77,1.52,0.966,1.681,1.635,0.91,15.385,1.66,52.0,0.044,50.835
171,1.183414,8.65,8.177,1.446,0.965,0.042,1.588,0.995,4.98,2.028,0.852,4.1,0.915,1.246,1.772,1.52,1.503,1.662,0.774,0.514,15.27,1.66,52.0,0.052,54.999
172,1.286614,8.65,8.177,1.446,0.965,0.042,1.588,0.995,4.98,2.028,0.852,4.1,0.915,1.246,1.772,1.52,1.503,1.662,0.774,0.514,15.27,1.66,52.0,0.052,54.999
173,1.041314,8.65,8.17,1.671,0.925,0.047,1.538,1.311,4.98,2.031,0.849,4.1,0.897,1.246,1.775,1.52,1.544,1.704,0.87,0.803,19.193,1.66,52.0,0.053,55.672
174,1.058714,8.65,8.17,1.671,0.925,0.047,1.538,1.311,4.98,2.031,0.849,4.1,0.897,1.246,1.775,1.52,1.544,1.704,0.87,0.803,19.193,1.66,52.0,0.053,55.672
175,1.249514,8.65,8.277,1.147,0.922,0.036,1.588,1.264,4.98,2.016,0.85,4.1,0.781,1.284,1.762,1.52,1.12,1.646,1.635,0.806,16.702,1.66,52.0,0.035,67.461
176,1.253914,8.65,8.277,1.147,0.922,0.036,1.588,1.264,4.98,2.016,0.85,4.1,0.781,1.284,1.762,1.52,1.12,1.646,1.635,0.806,16.702,1.66,52.0,0.035,67.461
177,1.042514,8.65,8.271,1.296,0.885,0.041,1.538,1.6,4.98,2.018,0.847,4.1,0.79,1.284,1.764,1.52,1.186,1.688,1.676,1.129,20.672,1.66,52.0,0.035,68.023
178,1.060314,8.65,8.271,1.296,0.885,0.041,1.538,1.6,4.98,2.018,0.847,4.1,0.79,1.284,1.764,1.52,1.186,1.688,1.676,1.129,20.672,1.66,52.0,0.035,68.023
179,1.233714,8.65,8.158,1.902,1.026,0.025,1.588,0.75,4.98,2.124,0.886,4.1,1.316,1.349,1.795,1.52,1.62,1.716,-0.396,0.612,15.073,1.66,52.0,0.055,50.222
180,1.193614,8.65,8.158,1.902,1.026,0.025,1.588,0.75,4.98,2.124,0.886,4.1,1.316,1.349,1.795,1.52,1.62,1.716,-0.396,0.612,15.073,1.66,52.0,0.055,50.222
181,1.034414,8.65,8.151,2.138,0.982,0.032,1.538,1.035,4.98,2.126,0.882,4.1,1.193,1.347,1.798,1.52,1.644,1.76,-0.238,0.852,18.965,1.66,52.0,0.055,50.879
182,0.928114,8.65,8.151,2.138,0.982,0.032,1.538,1.035,4.98,2.126,0.882,4.1,1.193,1.347,1.798,1.52,1.644,1.76,-0.238,0.852,18.965,1.66,52.0,0.055,50.879
183,1.525214,8.65,8.203,1.7,0.974,0.023,1.588,0.813,4.98,1.938,0.85,4.1,1.239,1.264,1.788,1.52,1.43,1.651,-0.396,0.643,15.888,1.66,52.0,0.047,69.392
184,1.179614,8.65,8.203,1.7,0.974,0.023,1.588,0.813,4.98,1.938,0.85,4.1,1.239,1.264,1.788,1.52,1.43,1.651,-0.396,0.643,15.888,1.66,52.0,0.047,69.392
185,1.064214,8.65,8.197,1.905,0.936,0.029,1.562,1.107,4.98,1.94,0.847,4.1,1.126,1.263,1.791,1.52,1.438,1.693,-0.238,0.883,19.852,1.66,52.0,0.047,70.125
186,0.897314,8.65,8.197,1.905,0.936,0.029,1.562,1.107,4.98,1.94,0.847,4.1,1.126,1.263,1.791,1.52,1.438,1.693,-0.238,0.883,19.852,1.66,52.0,0.047,70.125
187,1.271514,8.65,8.277,1.147,0.922,0.036,1.588,1.264,4.98,2.016,0.85,4.1,0.781,1.284,1.762,1.52,1.12,1.646,1.635,0.806,16.702,1.66,52.0,0.035,67.461
188,1.275914,8.65,8.277,1.147,0.922,0.036,1.588,1.264,4.98,2.016,0.85,4.1,0.781,1.284,1.762,1.52,1.12,1.646,1.635,0.806,16.702,1.66,52.0,0.035,67.461
189,1.090414,8.65,8.271,1.296,0.885,0.041,1.538,1.6,4.98,2.018,0.847,4.1,0.79,1.284,1.764,1.52,1.186,1.688,1.676,1.129,20.672,1.66,52.0,0.035,68.023
190,1.114514,8.65,8.271,1.296,0.885,0.041,1.538,1.6,4.98,2.018,0.847,4.1,0.79,1.284,1.764,1.52,1.186,1.688,1.676,1.129,20.672,1.66,52.0,0.035,68.023
191,1.301814,8.65,8.135,1.369,1.014,0.031,1.59,0.715,4.98,1.991,0.865,4.1,1.037,1.279,1.793,1.52,1.114,1.696,0.007,0.584,14.747,1.66,52.0,0.062,56.077
192,1.302314,8.65,8.135,1.369,1.014,0.031,1.59,0.715,4.98,1.991,0.865,4.1,1.037,1.279,1.793,1.52,1.114,1.696,0.007,0.584,14.747,1.66,52.0,0.062,56.077
193,1.107614,8.65,8.128,1.589,0.971,0.036,1.541,0.986,4.98,1.993,0.862,4.1,0.991,1.278,1.796,1.52,1.181,1.739,0.203,0.823,18.652,1.66,52.0,0.063,57.127
194,1.171114,8.65,8.128,1.589,0.971,0.036,1.541,0.986,4.98,1.993,0.862,4.1,0.991,1.278,1.796,1.52,1.181,1.739,0.203,0.823,18.652,1.66,52.0,0.063,57.127
195,1.237214,8.65,8.125,1.146,1.032,0.087,1.589,0.979,4.98,2.181,0.88,4.1,1.029,1.289,1.797,1.52,1.185,1.708,0.979,0.605,14.638,1.66,52.0,0.065,38.808
196,1.214614,8.65,8.125,1.146,1.032,0.087,1.589,0.979,4.98,2.181,0.88,4.1,1.029,1.289,1.797,1.52,1.185,1.708,0.979,0.605,14.638,1.66,52.0,0.065,38.808
197,1.024514,8.65,8.117,1.352,0.986,0.096,1.539,1.311,4.98,2.183,0.876,4.1,1.009,1.288,1.8,1.52,1.176,1.751,1.058,0.914,18.492,1.66,52.0,0.065,39.673
198,0.891714,8.65,8.117,1.352,0.986,0.096,1.539,1.311,4.98,2.183,0.876,4.1,1.009,1.288,1.8,1.52,1.176,1.751,1.058,0.914,18.492,1.66,52.0,0.065,39.673
199,1.226714,8.65,8.148,1.289,1.033,0.051,1.591,0.654,4.98,2.031,0.826,4.1,0.944,1.298,1.734,1.52,1.114,1.684,0.607,0.647,15.01,1.66,52.0,0.058,63.833
200,1.199814,8.65,8.148,1.289,1.033,0.051,1.591,0.654,4.98,2.031,0.826,4.1,0.944,1.298,1.734,1.52,1.114,1.684,0.607,0.647,15.01,1.66,52.0,0.058,63.833
201,1.162514,8.65,8.141,1.486,0.993,0.056,1.541,0.912,4.98,2.034,0.823,4.1,0.927,1.297,1.737,1.52,1.132,1.728,0.719,0.894,18.934,1.66,52.0,0.058,65.437
202,1.026214,8.65,8.141,1.486,0.993,0.056,1.541,0.912,4.98,2.034,0.823,4.1,0.927,1.297,1.737,1.52,1.132,1.728,0.719,0.894,18.934,1.66,52.0,0.058,65.437
203,1.254214,8.65,8.162,1.396,0.976,0.049,1.59,0.732,4.98,2.017,0.855,4.1,0.955,1.276,1.762,1.52,1.202,1.677,0.747,0.513,15.207,1.66,52.0,0.052,54.33
204,1.266414,8.65,8.162,1.396,0.976,0.049,1.59,0.732,4.98,2.017,0.855,4.1,0.955,1.276,1.762,1.52,1.202,1.677,0.747,0.513,15.207,1.66,52.0,0.052,54.33
205,1.050514,8.65,8.155,1.602,0.936,0.054,1.541,1.063,4.98,2.019,0.852,4.1,0.935,1.275,1.764,1.52,1.272,1.72,0.845,0.799,19.132,1.66,52.0,0.052,55.278
206,1.137614,8.65,8.155,1.602,0.936,0.054,1.541,1.063,4.98,2.019,0.852,4.1,0.935,1.275,1.764,1.52,1.272,1.72,0.845,0.799,19.132,1.66,52.0,0.052,55.278
207,1.219614,8.65,8.212,1.381,0.965,0.033,1.59,0.767,4.98,1.964,0.846,4.1,1.035,1.269,1.777,1.52,1.16,1.655,0.007,0.611,16.048,1.66,52.0,0.045,68.473
208,1.274414,8.65,8.212,1.381,0.965,0.033,1.59,0.767,4.98,1.964,0.846,4.1,1.035,1.269,1.777,1.52,1.16,1.655,0.007,0.611,16.048,1.66,52.0,0.045,68.473
209,1.009514,8.65,8.205,1.598,0.928,0.038,1.552,1.051,4.98,1.966,0.843,4.1,0.991,1.268,1.78,1.52,1.228,1.697,0.203,0.852,20.019,1.66,52.0,0.046,69.464
210,1.122914,8.65,8.205,1.598,0.928,0.038,1.552,1.051,4.98,1.966,0.843,4.1,0.991,1.268,1.78,1.52,1.228,1.697,0.203,0.852,20.019,1.66,52.0,0.046,69.464
211,1.455914,8.65,8.202,1.341,0.963,0.055,1.59,0.682,4.98,2.067,0.855,4.1,1.015,1.295,1.78,1.52,1.18,1.673,0.979,0.548,15.528,1.66,52.0,0.047,50.33
212,1.381114,8.65,8.202,1.341,0.963,0.055,1.59,0.682,4.98,2.067,0.855,4.1,1.015,1.295,1.78,1.52,1.18,1.673,0.979,0.548,15.528,1.66,52.0,0.047,50.33
213,0.915014,8.65,8.195,1.57,0.923,0.061,1.541,1.022,4.98,2.069,0.852,4.1,0.993,1.295,1.782,1.52,1.271,1.716,1.058,0.842,19.463,1.66,52.0,0.047,51.401
214,0.826014,8.65,8.195,1.57,0.923,0.061,1.541,1.022,4.98,2.069,0.852,4.1,0.993,1.295,1.782,1.52,1.271,1.716,1.058,0.842,19.463,1.66,52.0,0.047,51.401
215,1.221714,8.65,8.182,1.335,0.966,0.036,1.59,0.787,4.98,1.939,0.839,4.1,0.99,1.214,1.716,1.52,1.116,1.646,0.007,0.615,15.886,1.66,52.0,0.049,74.838
216,1.219214,8.65,8.182,1.335,0.966,0.036,1.59,0.787,4.98,1.939,0.839,4.1,0.99,1.214,1.716,1.52,1.116,1.646,0.007,0.615,15.886,1.66,52.0,0.049,74.838
217,1.151314,8.65,8.175,1.544,0.928,0.04,1.541,1.072,4.98,1.942,0.836,4.1,0.947,1.213,1.718,1.52,1.176,1.688,0.203,0.856,19.86,1.66,52.0,0.049,75.788
218,0.996514,8.65,8.175,1.544,0.928,0.04,1.541,1.072,4.98,1.942,0.836,4.1,0.947,1.213,1.718,1.52,1.176,1.688,0.203,0.856,19.86,1.66,52.0,0.049,75.788
219,1.214814,8.65,8.194,1.288,0.975,0.042,1.591,0.642,4.98,1.989,0.843,4.1,0.985,1.252,1.764,1.52,1.22,1.644,0.607,0.598,15.743,1.66,52.0,0.049,62.027
220,1.217114,8.65,8.194,1.288,0.975,0.042,1.591,0.642,4.98,1.989,0.843,4.1,0.985,1.252,1.764,1.52,1.22,1.644,0.607,0.598,15.743,1.66,52.0,0.049,62.027
221,1.135214,8.65,8.187,1.497,0.936,0.047,1.541,0.894,4.98,1.991,0.84,4.1,0.956,1.252,1.767,1.52,1.276,1.686,0.719,0.841,19.682,1.66,52.0,0.05,63.035
222,1.023614,8.65,8.187,1.497,0.936,0.047,1.541,0.894,4.98,1.991,0.84,4.1,0.956,1.252,1.767,1.52,1.276,1.686,0.719,0.841,19.682,1.66,52.0,0.05,63.035
223,1.177514,8.65,8.198,1.167,0.957,0.034,1.59,0.668,4.98,1.994,0.865,4.1,0.769,1.248,1.769,1.52,1.135,1.655,0.911,0.54,15.514,1.66,52.0,0.046,58.264
224,1.243214,8.65,8.198,1.167,0.957,0.034,1.59,0.668,4.98,1.994,0.865,4.1,0.769,1.248,1.769,1.52,1.135,1.655,0.911,0.54,15.514,1.66,52.0,0.046,58.264
225,1.101714,8.65,8.192,1.334,0.917,0.039,1.541,1.001,4.98,1.996,0.862,4.1,0.775,1.247,1.771,1.52,1.189,1.697,0.995,0.83,19.451,1.66,52.0,0.047,59.274
226,1.118114,8.65,8.192,1.334,0.917,0.039,1.541,1.001,4.98,1.996,0.862,4.1,0.775,1.247,1.771,1.52,1.189,1.697,0.995,0.83,19.451,1.66,52.0,0.047,59.274
227,0.951314,8.65,8.215,1.116,0.992,0.061,1.588,1.719,4.982,2.113,0.854,4.1,0.825,1.318,1.758,1.52,0.945,1.695,1.727,0.972,15.51,1.66,52.0,0.043,48.669
228,0.879414,8.65,8.215,1.116,0.992,0.061,1.588,1.719,4.982,2.113,0.854,4.1,0.825,1.318,1.758,1.52,0.945,1.695,1.727,0.972,15.51,1.66,52.0,0.043,48.669
229,0.660514,8.65,8.208,1.274,0.95,0.067,1.538,2.047,4.982,2.115,0.852,4.1,0.836,1.317,1.76,1.52,0.953,1.738,1.765,1.316,19.445,1.66,52.0,0.043,49.718
230,0.662514,8.65,8.208,1.274,0.95,0.067,1.538,2.047,4.982,2.115,0.852,4.1,0.836,1.317,1.76,1.52,0.953,1.738,1.765,1.316,19.445,1.66,52.0,0.043,49.718
231,1.226414,8.65,8.186,1.3,0.96,0.049,1.59,1.088,4.98,2.046,0.847,4.1,0.857,1.253,1.769,1.52,1.296,1.667,0.979,0.556,15.374,1.66,52.0,0.05,51.947
232,1.043714,8.65,8.179,1.508,0.921,0.054,1.541,1.405,4.98,2.049,0.844,4.1,0.853,1.252,1.771,1.52,1.357,1.709,1.058,0.853,19.305,1.66,52.0,0.05,52.973
233,0.902014,8.65,8.179,1.508,0.921,0.054,1.541,1.405,4.98,2.049,0.844,4.1,0.853,1.252,1.771,1.52,1.357,1.709,1.058,0.853,19.305,1.66,52.0,0.05,52.973
234,1.200414,8.65,8.28,1.129,0.917,0.043,1.59,1.426,4.98,2.05,0.841,4.1,0.788,1.298,1.753,1.52,1.083,1.656,1.727,0.861,17.001,1.66,52.0,0.034,65.181
235,1.277614,8.65,8.28,1.129,0.917,0.043,1.59,1.426,4.98,2.05,0.841,4.1,0.788,1.298,1.753,1.52,1.083,1.656,1.727,0.861,17.001,1.66,52.0,0.034,65.181
236,1.014114,8.65,8.274,1.269,0.881,0.048,1.541,1.76,4.98,2.052,0.838,4.1,0.798,1.298,1.755,1.52,1.145,1.697,1.765,1.188,20.983,1.66,52.0,0.034,66.086
237,0.858814,8.65,8.274,1.269,0.881,0.048,1.541,1.76,4.98,2.052,0.838,4.1,0.798,1.298,1.755,1.52,1.145,1.697,1.765,1.188,20.983,1.66,52.0,0.034,66.086
238,1.292114,8.65,8.167,1.527,1.018,0.034,1.59,0.7,4.98,2.14,0.88,4.1,1.098,1.353,1.791,1.52,1.251,1.72,0.007,0.576,15.131,1.66,52.0,0.053,46.693
239,1.212614,8.65,8.167,1.527,1.018,0.034,1.59,0.7,4.98,2.14,0.88,4.1,1.098,1.353,1.791,1.52,1.251,1.72,0.007,0.576,15.131,1.66,52.0,0.053,46.693
240,1.113814,8.65,8.161,1.777,0.975,0.041,1.541,0.973,4.98,2.142,0.877,4.1,1.05,1.352,1.793,1.52,1.337,1.763,0.203,0.818,19.034,1.66,52.0,0.053,47.729
241,1.221914,8.65,8.161,1.777,0.975,0.041,1.541,0.973,4.98,2.142,0.877,4.1,1.05,1.352,1.793,1.52,1.337,1.763,0.203,0.818,19.034,1.66,52.0,0.053,47.729
242,1.222014,8.65,8.28,1.129,0.917,0.043,1.59,1.426,4.98,2.05,0.841,4.1,0.788,1.298,1.753,1.52,1.083,1.656,1.727,0.861,17.001,1.66,52.0,0.034,65.181
243,1.215814,8.65,8.28,1.129,0.917,0.043,1.59,1.426,4.98,2.05,0.841,4.1,0.788,1.298,1.753,1.52,1.083,1.656,1.727,0.861,17.001,1.66,52.0,0.034,65.181
244,1.209414,8.65,8.274,1.269,0.881,0.048,1.541,1.76,4.98,2.052,0.838,4.1,0.798,1.298,1.755,1.52,1.145,1.697,1.765,1.188,20.983,1.66,52.0,0.034,66.086
245,1.074514,8.65,8.274,1.269,0.881,0.048,1.541,1.76,4.98,2.052,0.838,4.1,0.798,1.298,1.755,1.52,1.145,1.697,1.765,1.188,20.983,1.66,52.0,0.034,66.086
246,1.232514,8.06,7.311,1.691,1.058,0.038,1.567,0.573,5.175,1.907,0.844,2.92,1.068,1.212,1.763,1.39,1.279,1.65,0.283,0.321,12.091,1.55,54.94,0.057,53.212
247,1.229914,8.06,7.311,1.691,1.058,0.038,1.567,0.573,5.175,1.907,0.844,2.92,1.068,1.212,1.763,1.39,1.279,1.65,0.283,0.321,12.091,1.55,54.94,0.057,53.212
248,1.043414,8.06,7.303,1.998,1.015,0.046,1.518,0.856,5.175,1.911,0.841,2.92,0.962,1.211,1.766,1.39,1.35,1.701,0.435,0.434,15.196,1.55,54.94,0.057,53.899
249,1.260114,8.06,7.287,1.149,1.072,0.109,1.566,0.734,5.174,2.114,0.857,2.92,1.011,1.226,1.767,1.39,1.14,1.681,1.093,0.353,11.649,1.55,54.94,0.059,37.174
250,1.285114,8.06,7.287,1.149,1.072,0.109,1.566,0.734,5.174,2.114,0.857,2.92,1.011,1.226,1.767,1.39,1.14,1.681,1.093,0.353,11.649,1.55,54.94,0.059,37.174
251,1.244914,8.06,7.339,1.379,1.077,0.062,1.567,0.521,5.175,1.941,0.806,2.92,0.846,1.226,1.702,1.39,1.158,1.626,0.768,0.394,12.542,1.55,54.94,0.053,60.12
252,1.250514,8.06,7.339,1.379,1.077,0.062,1.567,0.521,5.175,1.941,0.806,2.92,0.846,1.226,1.702,1.39,1.158,1.626,0.768,0.394,12.542,1.55,54.94,0.053,60.12
253,0.901614,8.06,7.331,1.683,1.035,0.068,1.518,0.789,5.175,1.946,0.803,2.92,0.836,1.226,1.705,1.39,1.178,1.678,0.864,0.515,15.662,1.55,54.94,0.053,61.354
254,0.990914,8.06,7.331,1.683,1.035,0.068,1.518,0.789,5.175,1.946,0.803,2.92,0.836,1.226,1.705,1.39,1.178,1.678,0.864,0.515,15.662,1.55,54.94,0.053,61.354
255,1.285414,8.06,7.372,1.543,1.019,0.062,1.567,0.584,5.175,1.935,0.837,2.92,0.893,1.213,1.735,1.39,1.248,1.635,0.888,0.265,12.675,1.55,54.94,0.047,50.471
256,1.286514,8.06,7.372,1.543,1.019,0.062,1.567,0.584,5.175,1.935,0.837,2.92,0.893,1.213,1.735,1.39,1.248,1.635,0.888,0.265,12.675,1.55,54.94,0.047,50.471
257,1.087814,8.06,7.365,1.846,0.978,0.07,1.518,0.873,5.175,1.94,0.834,2.92,0.872,1.212,1.738,1.39,1.355,1.686,0.974,0.403,15.793,1.55,54.94,0.047,51.08
258,1.221514,8.06,7.478,1.669,1.009,0.037,1.567,0.616,5.175,1.872,0.83,2.92,1.054,1.198,1.755,1.39,1.314,1.594,0.283,0.343,13.8,1.55,54.94,0.041,63.437
259,1.192014,8.06,7.478,1.669,1.009,0.037,1.567,0.616,5.175,1.872,0.83,2.92,1.054,1.198,1.755,1.39,1.314,1.594,0.283,0.343,13.8,1.55,54.94,0.041,63.437
260,0.963714,8.06,7.471,1.978,0.971,0.044,1.552,0.909,5.175,1.877,0.828,2.92,0.959,1.198,1.758,1.39,1.394,1.643,0.435,0.457,16.96,1.55,54.94,0.041,64.118
261,1.254714,8.06,7.457,1.366,1.006,0.07,1.567,0.472,5.175,1.98,0.838,2.92,0.991,1.236,1.758,1.39,1.103,1.631,1.093,0.287,13.044,1.55,54.94,0.042,47.559
262,1.401014,8.06,7.457,1.366,1.006,0.07,1.567,0.472,5.175,1.98,0.838,2.92,0.991,1.236,1.758,1.39,1.103,1.631,1.093,0.287,13.044,1.55,54.94,0.042,47.559
263,1.038314,8.06,7.45,1.718,0.966,0.078,1.518,0.804,5.175,1.984,0.835,2.92,0.959,1.235,1.76,1.39,1.263,1.681,1.163,0.45,16.168,1.55,54.94,0.042,48.25
264,1.367014,8.06,7.405,1.6,1.017,0.044,1.567,0.65,5.175,1.869,0.814,2.92,1.008,1.147,1.681,1.39,1.279,1.596,0.283,0.351,13.835,1.55,54.94,0.044,71.58
265,1.360414,8.06,7.405,1.6,1.017,0.044,1.567,0.65,5.175,1.869,0.814,2.92,1.008,1.147,1.681,1.39,1.279,1.596,0.283,0.351,13.835,1.55,54.94,0.044,71.58
266,1.278714,8.06,7.44,1.39,1.017,0.051,1.567,0.514,5.175,1.903,0.826,2.92,0.963,1.189,1.741,1.39,1.334,1.589,0.768,0.35,13.318,1.55,54.94,0.045,57.885
267,1.295514,8.06,7.44,1.39,1.017,0.051,1.567,0.514,5.175,1.903,0.826,2.92,0.963,1.189,1.741,1.39,1.334,1.589,0.768,0.35,13.318,1.55,54.94,0.045,57.885
268,1.082314,8.06,7.423,1.691,0.983,0.057,1.518,0.803,5.175,1.925,0.814,2.92,0.916,1.189,1.735,1.39,1.388,1.648,0.864,0.471,16.513,1.55,54.94,0.045,60.606
269,1.438514,8.06,7.45,1.161,0.999,0.041,1.567,0.462,5.175,1.906,0.848,2.92,0.653,1.18,1.747,1.39,1.163,1.602,1.032,0.282,13.022,1.55,54.94,0.042,55.033
270,1.433514,8.06,7.45,1.161,0.999,0.041,1.567,0.462,5.175,1.906,0.848,2.92,0.653,1.18,1.747,1.39,1.163,1.602,1.032,0.282,13.022,1.55,54.94,0.042,55.033
271,1.126014,8.06,7.435,1.408,0.962,0.049,1.518,0.79,5.175,1.928,0.836,2.92,0.675,1.178,1.739,1.39,1.198,1.659,1.107,0.434,16.292,1.55,54.94,0.042,58.037
272,0.694314,8.06,7.435,1.408,0.962,0.049,1.518,0.79,5.175,1.928,0.836,2.92,0.675,1.178,1.739,1.39,1.198,1.659,1.107,0.434,16.292,1.55,54.94,0.042,58.037
273,1.843914,8.06,7.495,0.989,1.043,0.076,1.565,1.409,5.176,2.001,0.845,2.92,0.742,1.245,1.748,1.39,0.829,1.647,1.782,0.765,12.92,1.55,54.94,0.038,45.21
274,1.857614,8.06,7.495,0.989,1.043,0.076,1.565,1.409,5.176,2.001,0.845,2.92,0.742,1.245,1.748,1.39,0.829,1.647,1.782,0.765,12.92,1.55,54.94,0.038,45.21
275,1.322014,8.06,7.424,1.35,1.002,0.061,1.567,0.894,5.175,1.965,0.829,2.92,0.745,1.191,1.744,1.39,1.35,1.629,1.093,0.293,12.887,1.55,54.94,0.045,48.84
276,1.373914,8.06,7.424,1.35,1.002,0.061,1.567,0.894,5.175,1.965,0.829,2.92,0.745,1.191,1.744,1.39,1.35,1.629,1.093,0.293,12.887,1.55,54.94,0.045,48.84
277,0.909014,8.06,7.417,1.664,0.962,0.069,1.518,1.202,5.175,1.969,0.826,2.92,0.757,1.19,1.747,1.39,1.437,1.679,1.163,0.46,16.007,1.55,54.94,0.045,49.492
278,1.117214,8.06,7.417,1.664,0.962,0.069,1.518,1.202,5.175,1.969,0.826,2.92,0.757,1.19,1.747,1.39,1.437,1.679,1.163,0.46,16.007,1.55,54.94,0.045,49.492
279,1.346014,8.06,7.625,1.073,0.963,0.048,1.567,1.149,5.175,1.936,0.833,2.92,0.704,1.224,1.744,1.39,1.029,1.594,1.782,0.634,14.627,1.55,54.94,0.03,59.275
280,1.324314,8.06,7.625,1.073,0.963,0.048,1.567,1.149,5.175,1.936,0.833,2.92,0.704,1.224,1.744,1.39,1.029,1.594,1.782,0.634,14.627,1.55,54.94,0.03,59.275
281,1.436614,8.06,7.383,1.875,1.063,0.043,1.567,0.556,5.175,2.052,0.862,2.92,1.128,1.283,1.766,1.39,1.387,1.671,0.283,0.315,12.41,1.55,54.94,0.047,44.91
282,1.386914,8.06,7.383,1.875,1.063,0.043,1.567,0.556,5.175,2.052,0.862,2.92,1.128,1.283,1.766,1.39,1.387,1.671,0.283,0.315,12.41,1.55,54.94,0.047,44.91
283,1.233214,8.06,7.376,2.236,1.02,0.052,1.518,0.84,5.175,2.056,0.859,2.92,1.02,1.282,1.769,1.39,1.509,1.723,0.435,0.43,15.509,1.55,54.94,0.048,45.604
284,0.879914,8.06,7.472,1.971,0.971,0.041,1.562,0.909,5.175,1.862,0.828,2.92,0.959,1.198,1.765,1.39,1.332,1.643,0.435,0.457,16.96,1.55,54.94,0.041,64.246
285,0.891714,8.06,7.472,1.971,0.971,0.041,1.562,0.909,5.175,1.862,0.828,2.92,0.959,1.198,1.765,1.39,1.332,1.643,0.435,0.457,16.96,1.55,54.94,0.041,64.246
286,1.413414,8.06,7.625,1.073,0.963,0.048,1.567,1.149,5.175,1.936,0.833,2.92,0.704,1.224,1.744,1.39,1.029,1.594,1.782,0.634,14.627,1.55,54.94,0.03,59.275
287,1.389514,8.06,7.625,1.073,0.963,0.048,1.567,1.149,5.175,1.936,0.833,2.92,0.704,1.224,1.744,1.39,1.029,1.594,1.782,0.634,14.627,1.55,54.94,0.03,59.275
288,1.263714,8.06,7.619,1.248,0.925,0.056,1.518,1.478,5.175,1.94,0.831,2.92,0.72,1.224,1.746,1.39,1.111,1.643,1.818,0.833,17.784,1.55,54.94,0.03,59.872
289,1.320914,8.06,7.333,1.243,1.051,0.048,1.57,0.531,5.175,1.928,0.84,2.92,0.853,1.217,1.759,1.39,0.889,1.654,0.599,0.293,12.242,1.55,54.94,0.054,51.966
290,1.315514,8.06,7.333,1.243,1.051,0.048,1.57,0.531,5.175,1.928,0.84,2.92,0.853,1.217,1.759,1.39,0.889,1.654,0.599,0.293,12.242,1.55,54.94,0.054,51.966
291,0.949214,8.06,7.325,1.567,1.008,0.056,1.522,0.8,5.175,1.932,0.836,2.92,0.838,1.216,1.763,1.39,1.033,1.705,0.712,0.409,15.357,1.55,54.94,0.054,52.987
292,1.233714,8.06,7.309,1.057,1.073,0.12,1.569,0.87,5.174,2.136,0.851,2.92,0.928,1.232,1.763,1.39,0.972,1.687,1.246,0.415,11.726,1.55,54.94,0.056,35.549
293,1.275714,8.06,7.309,1.057,1.073,0.12,1.569,0.87,5.174,2.136,0.851,2.92,0.928,1.232,1.763,1.39,0.972,1.687,1.246,0.415,11.726,1.55,54.94,0.056,35.549
294,0.936614,8.06,7.301,1.335,1.027,0.131,1.52,1.189,5.174,2.14,0.847,2.92,0.923,1.231,1.766,1.39,0.997,1.74,1.306,0.604,14.79,1.55,54.94,0.056,36.409
295,1.315614,8.06,7.36,1.154,1.068,0.07,1.57,0.484,5.175,1.96,0.803,2.92,0.769,1.23,1.701,1.39,0.914,1.629,0.974,0.373,12.719,1.55,54.94,0.05,59.313
296,1.348914,8.06,7.36,1.154,1.068,0.07,1.57,0.484,5.175,1.96,0.803,2.92,0.769,1.23,1.701,1.39,0.914,1.629,0.974,0.373,12.719,1.55,54.94,0.05,59.313
297,1.348814,8.06,7.392,1.304,1.014,0.072,1.57,0.648,5.175,1.953,0.833,2.92,0.81,1.216,1.734,1.39,1.011,1.639,1.073,0.288,12.841,1.55,54.94,0.045,49.165
298,1.390614,8.06,7.392,1.304,1.014,0.072,1.57,0.648,5.175,1.953,0.833,2.92,0.81,1.216,1.734,1.39,1.011,1.639,1.073,0.288,12.841,1.55,54.94,0.045,49.165
299,1.341214,8.06,7.496,1.25,1.0,0.046,1.57,0.583,5.175,1.887,0.827,2.92,0.851,1.2,1.753,1.39,0.928,1.596,0.599,0.319,14.015,1.55,54.94,0.039,62.322
300,1.374314,8.06,7.496,1.25,1.0,0.046,1.57,0.583,5.175,1.887,0.827,2.92,0.851,1.2,1.753,1.39,0.928,1.596,0.599,0.319,14.015,1.55,54.94,0.039,62.322
301,1.243614,8.06,7.475,1.217,1.002,0.08,1.57,0.602,5.175,1.995,0.834,2.92,0.903,1.238,1.756,1.39,0.941,1.633,1.246,0.334,13.218,1.55,54.94,0.04,46.298
302,1.489214,8.06,7.475,1.217,1.002,0.08,1.57,0.602,5.175,1.995,0.834,2.92,0.903,1.238,1.756,1.39,0.941,1.633,1.246,0.334,13.218,1.55,54.94,0.04,46.298
303,1.048714,8.06,7.468,1.522,0.962,0.088,1.522,0.934,5.175,1.999,0.832,2.92,0.896,1.238,1.758,1.39,1.093,1.684,1.306,0.505,16.349,1.55,54.94,0.04,47.304
304,1.364414,8.06,7.433,1.206,1.0,0.05,1.57,0.602,5.175,1.867,0.819,2.92,0.813,1.15,1.692,1.39,0.904,1.591,0.599,0.321,13.901,1.55,54.94,0.042,68.328
305,1.427814,8.06,7.433,1.206,1.0,0.05,1.57,0.602,5.175,1.867,0.819,2.92,0.813,1.15,1.692,1.39,0.904,1.591,0.599,0.321,13.901,1.55,54.94,0.042,68.328
306,1.315214,8.06,7.459,1.168,1.01,0.06,1.57,0.467,5.175,1.919,0.822,2.92,0.845,1.193,1.74,1.39,1.045,1.592,0.974,0.319,13.499,1.55,54.94,0.043,56.799
307,1.371614,8.06,7.459,1.168,1.01,0.06,1.57,0.467,5.175,1.919,0.822,2.92,0.845,1.193,1.74,1.39,1.045,1.592,0.974,0.319,13.499,1.55,54.94,0.043,56.799
308,1.413814,8.06,7.468,1.078,0.996,0.051,1.57,0.579,5.175,1.922,0.844,2.92,0.646,1.183,1.745,1.39,1.033,1.604,1.194,0.323,13.206,1.55,54.94,0.04,53.73
309,1.531414,8.06,7.468,1.078,0.996,0.051,1.57,0.579,5.175,1.922,0.844,2.92,0.646,1.183,1.745,1.39,1.033,1.604,1.194,0.323,13.206,1.55,54.94,0.04,53.73
310,1.908614,8.06,7.502,0.991,1.036,0.087,1.567,1.568,5.176,2.042,0.834,2.92,0.759,1.26,1.737,1.39,0.817,1.657,1.862,0.832,13.194,1.55,54.94,0.037,44.854
311,1.793614,8.06,7.502,0.991,1.036,0.087,1.567,1.568,5.176,2.042,0.834,2.92,0.759,1.26,1.737,1.39,0.817,1.657,1.862,0.832,13.194,1.55,54.94,0.037,44.854
312,1.357714,8.06,7.443,1.196,0.998,0.071,1.57,0.98,5.175,1.982,0.826,2.92,0.712,1.194,1.742,1.39,1.126,1.632,1.246,0.347,13.056,1.55,54.94,0.043,47.668
313,1.481814,8.06,7.443,1.196,0.998,0.071,1.57,0.98,5.175,1.982,0.826,2.92,0.712,1.194,1.742,1.39,1.126,1.632,1.246,0.347,13.056,1.55,54.94,0.043,47.668
314,1.380814,8.06,7.632,1.06,0.958,0.057,1.57,1.305,5.175,1.965,0.825,2.92,0.717,1.233,1.736,1.39,0.995,1.601,1.862,0.695,15.032,1.55,54.94,0.029,58.74
315,1.415014,8.06,7.632,1.06,0.958,0.057,1.57,1.305,5.175,1.965,0.825,2.92,0.717,1.233,1.736,1.39,0.995,1.601,1.862,0.695,15.032,1.55,54.94,0.029,58.74
316,1.390714,8.06,7.403,1.384,1.056,0.055,1.57,0.522,5.175,2.067,0.857,2.92,0.903,1.284,1.763,1.39,0.974,1.672,0.599,0.29,12.557,1.55,54.94,0.045,43.507
317,1.517814,8.06,7.403,1.384,1.056,0.055,1.57,0.522,5.175,2.067,0.857,2.92,0.903,1.284,1.763,1.39,0.974,1.672,0.599,0.29,12.557,1.55,54.94,0.045,43.507
318,1.391414,8.06,7.632,1.06,0.958,0.057,1.57,1.305,5.175,1.965,0.825,2.92,0.717,1.233,1.736,1.39,0.995,1.601,1.862,0.695,15.032,1.55,54.94,0.029,58.74
319,1.434214,8.06,7.632,1.06,0.958,0.057,1.57,1.305,5.175,1.965,0.825,2.92,0.717,1.233,1.736,1.39,0.995,1.601,1.862,0.695,15.032,1.55,54.94,0.029,58.74
320,1.230514,8.06,7.626,1.223,0.922,0.064,1.522,1.632,5.175,1.969,0.823,2.92,0.733,1.233,1.737,1.39,1.071,1.65,1.895,0.896,18.199,1.55,54.94,0.029,59.649
321,0.192814,7.11,7.038,1.691,1.069,0.046,1.548,0.573,5.237,1.863,0.832,4.28,1.068,1.174,1.748,1.32,1.279,1.619,0.283,0.321,11.088,1.83,55.85,0.05,50.361
322,0.301014,7.11,7.038,1.691,1.069,0.046,1.548,0.573,5.237,1.863,0.832,4.28,1.068,1.174,1.748,1.32,1.279,1.619,0.283,0.321,11.088,1.83,55.85,0.05,50.361
323,0.474214,7.11,7.03,1.998,1.025,0.056,1.5,0.856,5.237,1.869,0.829,4.28,0.962,1.174,1.751,1.32,1.35,1.675,0.435,0.434,13.835,1.83,55.85,0.05,51.056
324,0.077014,7.11,7.03,1.998,1.025,0.056,1.5,0.856,5.237,1.869,0.829,4.28,0.962,1.174,1.751,1.32,1.35,1.675,0.435,0.434,13.835,1.83,55.85,0.05,51.056
325,0.231914,7.11,7.006,1.149,1.084,0.127,1.546,0.734,5.236,2.081,0.844,4.28,1.011,1.191,1.752,1.32,1.14,1.666,1.093,0.353,10.458,1.83,55.85,0.052,34.701
326,0.687314,7.11,7.006,1.149,1.084,0.127,1.546,0.734,5.236,2.081,0.844,4.28,1.011,1.191,1.752,1.32,1.14,1.666,1.093,0.353,10.458,1.83,55.85,0.052,34.701
327,0.287114,7.11,6.998,1.478,1.038,0.142,1.499,1.055,5.236,2.086,0.839,4.28,0.979,1.189,1.755,1.32,1.138,1.723,1.163,0.533,13.152,1.83,55.85,0.053,35.229
328,0.370414,7.11,6.998,1.478,1.038,0.142,1.499,1.055,5.236,2.086,0.839,4.28,0.979,1.189,1.755,1.32,1.138,1.723,1.163,0.533,13.152,1.83,55.85,0.053,35.229
329,0.159714,7.11,7.075,1.379,1.087,0.071,1.548,0.521,5.237,1.892,0.795,4.28,0.846,1.185,1.687,1.32,1.158,1.587,0.768,0.394,11.628,1.83,55.85,0.046,57.233
330,0.115114,7.11,7.075,1.379,1.087,0.071,1.548,0.521,5.237,1.892,0.795,4.28,0.846,1.185,1.687,1.32,1.158,1.587,0.768,0.394,11.628,1.83,55.85,0.046,57.233
331,0.018714,7.11,7.067,1.683,1.045,0.078,1.5,0.789,5.237,1.899,0.792,4.28,0.836,1.185,1.69,1.32,1.178,1.644,0.864,0.515,14.387,1.83,55.85,0.047,58.458
332,0.024614,7.11,7.067,1.683,1.045,0.078,1.5,0.789,5.237,1.899,0.792,4.28,0.836,1.185,1.69,1.32,1.178,1.644,0.864,0.515,14.387,1.83,55.85,0.047,58.458
333,0.422814,7.11,7.117,1.543,1.03,0.074,1.548,0.584,5.236,1.891,0.826,4.28,0.893,1.177,1.723,1.32,1.248,1.607,0.888,0.265,11.716,1.83,55.85,0.042,47.359
334,0.412214,7.11,7.117,1.543,1.03,0.074,1.548,0.584,5.236,1.891,0.826,4.28,0.893,1.177,1.723,1.32,1.248,1.607,0.888,0.265,11.716,1.83,55.85,0.042,47.359
335,0.129314,7.11,7.11,1.846,0.989,0.083,1.5,0.873,5.236,1.897,0.823,4.28,0.872,1.176,1.725,1.32,1.355,1.662,0.974,0.403,14.47,1.83,55.85,0.042,47.979
336,0.245714,7.11,7.11,1.846,0.989,0.083,1.5,0.873,5.236,1.897,0.823,4.28,0.872,1.176,1.725,1.32,1.355,1.662,0.974,0.403,14.47,1.83,55.85,0.042,47.979
337,0.824714,7.11,7.252,1.669,1.019,0.042,1.552,0.616,5.236,1.82,0.822,4.28,1.054,1.157,1.745,1.32,1.314,1.553,0.283,0.343,12.984,1.83,55.85,0.036,59.899
338,0.790814,7.11,7.252,1.669,1.019,0.042,1.552,0.616,5.236,1.82,0.822,4.28,1.054,1.157,1.745,1.32,1.314,1.553,0.283,0.343,12.984,1.83,55.85,0.036,59.899
339,0.216814,7.11,7.246,1.978,0.981,0.05,1.552,0.909,5.236,1.826,0.819,4.28,0.959,1.156,1.747,1.32,1.394,1.606,0.435,0.457,15.778,1.83,55.85,0.036,60.599
340,0.250714,7.11,7.246,1.978,0.981,0.05,1.552,0.909,5.236,1.826,0.819,4.28,0.959,1.156,1.747,1.32,1.394,1.606,0.435,0.457,15.778,1.83,55.85,0.036,60.599
341,0.960114,7.11,7.225,1.366,1.017,0.084,1.548,0.472,5.236,1.93,0.828,4.28,0.991,1.202,1.747,1.32,1.103,1.601,1.093,0.287,12.102,1.83,55.85,0.037,44.877
342,0.991514,7.11,7.225,1.366,1.017,0.084,1.548,0.472,5.236,1.93,0.828,4.28,0.991,1.202,1.747,1.32,1.103,1.601,1.093,0.287,12.102,1.83,55.85,0.037,44.877
343,0.708614,7.11,7.219,1.718,0.977,0.093,1.5,0.804,5.236,1.935,0.825,4.28,0.959,1.201,1.749,1.32,1.263,1.656,1.163,0.45,14.861,1.83,55.85,0.037,45.556
344,0.714414,7.11,7.219,1.718,0.977,0.093,1.5,0.804,5.236,1.935,0.825,4.28,0.959,1.201,1.749,1.32,1.263,1.656,1.163,0.45,14.861,1.83,55.85,0.037,45.556
345,0.705314,7.11,7.16,1.6,1.027,0.05,1.548,0.65,5.236,1.817,0.805,4.28,1.008,1.106,1.67,1.32,1.279,1.557,0.283,0.351,13.083,1.83,55.85,0.039,67.874
346,0.519214,7.11,7.16,1.6,1.027,0.05,1.548,0.65,5.236,1.817,0.805,4.28,1.008,1.106,1.67,1.32,1.279,1.557,0.283,0.351,13.083,1.83,55.85,0.039,67.874
347,0.278214,7.11,7.164,1.911,0.981,0.055,1.5,0.93,5.236,1.807,0.81,4.28,0.917,1.108,1.682,1.32,1.346,1.602,0.435,0.459,15.693,1.83,55.85,0.039,66.366
348,0.254014,7.11,7.164,1.911,0.981,0.055,1.5,0.93,5.236,1.807,0.81,4.28,0.917,1.108,1.682,1.32,1.346,1.602,0.435,0.459,15.693,1.83,55.85,0.039,66.366
349,0.506214,7.11,7.204,1.39,1.027,0.059,1.548,0.514,5.237,1.855,0.816,4.28,0.963,1.153,1.73,1.32,1.334,1.552,0.768,0.35,12.411,1.83,55.85,0.039,54.74
350,0.183214,7.11,7.185,1.691,0.994,0.065,1.5,0.803,5.237,1.876,0.804,4.28,0.916,1.152,1.724,1.32,1.388,1.615,0.864,0.471,15.282,1.83,55.85,0.04,57.414
351,0.262114,7.11,7.185,1.691,0.994,0.065,1.5,0.803,5.237,1.876,0.804,4.28,0.916,1.152,1.724,1.32,1.388,1.615,0.864,0.471,15.282,1.83,55.85,0.04,57.414
352,0.734214,7.11,7.216,1.161,1.011,0.05,1.548,0.462,5.236,1.856,0.839,4.28,0.653,1.14,1.736,1.32,1.163,1.566,1.032,0.282,12.087,1.83,55.85,0.037,52.125
353,0.480914,7.11,7.2,1.408,0.973,0.058,1.5,0.79,5.236,1.877,0.827,4.28,0.675,1.137,1.727,1.32,1.198,1.626,1.107,0.434,15.038,1.83,55.85,0.037,55.12
354,0.493414,7.11,7.2,1.408,0.973,0.058,1.5,0.79,5.236,1.877,0.827,4.28,0.675,1.137,1.727,1.32,1.198,1.626,1.107,0.434,15.038,1.83,55.85,0.037,55.12
355,0.841614,7.11,7.273,0.989,1.056,0.09,1.545,1.409,5.238,1.954,0.836,4.28,0.742,1.211,1.738,1.32,0.829,1.62,1.782,0.765,11.937,1.83,55.85,0.034,42.67
356,1.058514,7.11,7.273,0.989,1.056,0.09,1.545,1.409,5.238,1.954,0.836,4.28,0.742,1.211,1.738,1.32,0.829,1.62,1.782,0.765,11.937,1.83,55.85,0.034,42.67
357,1.153614,7.11,7.267,1.195,1.012,0.1,1.498,1.731,5.238,1.959,0.833,4.28,0.76,1.21,1.74,1.32,0.849,1.676,1.818,0.983,14.686,1.83,55.85,0.034,43.353
358,1.159214,7.11,7.267,1.195,1.012,0.1,1.498,1.731,5.238,1.959,0.833,4.28,0.76,1.21,1.74,1.32,0.849,1.676,1.818,0.983,14.686,1.83,55.85,0.034,43.353
359,1.066314,7.11,7.183,1.35,1.013,0.072,1.548,0.894,5.237,1.92,0.819,4.28,0.745,1.155,1.732,1.32,1.35,1.603,1.093,0.293,11.942,1.83,55.85,0.04,46.083
360,0.376514,7.11,7.177,1.664,0.973,0.081,1.5,1.202,5.237,1.926,0.816,4.28,0.757,1.154,1.734,1.32,1.437,1.658,1.163,0.46,14.697,1.83,55.85,0.04,46.726
361,0.364414,7.11,7.177,1.664,0.973,0.081,1.5,1.202,5.237,1.926,0.816,4.28,0.757,1.154,1.734,1.32,1.437,1.658,1.163,0.46,14.697,1.83,55.85,0.04,46.726
362,0.300214,7.11,7.433,1.073,0.975,0.055,1.548,1.149,5.236,1.88,0.826,4.28,0.704,1.186,1.737,1.32,1.029,1.557,1.782,0.634,13.793,1.83,55.85,0.026,55.625
363,0.703614,7.11,7.433,1.073,0.975,0.055,1.548,1.149,5.236,1.88,0.826,4.28,0.704,1.186,1.737,1.32,1.029,1.557,1.782,0.634,13.793,1.83,55.85,0.026,55.625
364,0.267414,7.11,7.428,1.248,0.938,0.063,1.5,1.478,5.236,1.886,0.824,4.28,0.72,1.186,1.738,1.32,1.111,1.609,1.818,0.833,16.58,1.83,55.85,0.027,56.237
365,0.431614,7.11,7.428,1.248,0.938,0.063,1.5,1.478,5.236,1.886,0.824,4.28,0.72,1.186,1.738,1.32,1.111,1.609,1.818,0.833,16.58,1.83,55.85,0.027,56.237
366,0.402614,7.11,7.132,1.875,1.075,0.053,1.548,0.556,5.236,2.0,0.851,4.28,1.128,1.24,1.753,1.32,1.387,1.636,0.283,0.315,11.363,1.83,55.85,0.042,42.528
367,0.784214,7.11,7.132,1.875,1.075,0.053,1.548,0.556,5.236,2.0,0.851,4.28,1.128,1.24,1.753,1.32,1.387,1.636,0.283,0.315,11.363,1.83,55.85,0.042,42.528
368,0.220814,7.11,7.125,2.236,1.031,0.064,1.5,0.84,5.236,2.005,0.848,4.28,1.02,1.239,1.756,1.32,1.509,1.692,0.435,0.43,14.101,1.83,55.85,0.042,43.241
369,0.349614,7.11,7.125,2.236,1.031,0.064,1.5,0.84,5.236,2.005,0.848,4.28,1.02,1.239,1.756,1.32,1.509,1.692,0.435,0.43,14.101,1.83,55.85,0.042,43.241
370,0.152714,7.11,7.253,1.658,1.019,0.039,1.562,0.616,5.237,1.802,0.822,4.28,1.054,1.157,1.752,1.32,1.259,1.553,0.283,0.343,12.984,1.83,55.85,0.036,60.774
371,0.432914,7.11,7.246,1.971,0.981,0.048,1.562,0.909,5.237,1.808,0.819,4.28,0.959,1.156,1.754,1.32,1.332,1.606,0.435,0.457,15.778,1.83,55.85,0.036,61.526
372,0.258414,7.11,7.246,1.971,0.981,0.048,1.562,0.909,5.237,1.808,0.819,4.28,0.959,1.156,1.754,1.32,1.332,1.606,0.435,0.457,15.778,1.83,55.85,0.036,61.526
373,0.263314,7.11,7.433,1.073,0.975,0.055,1.548,1.149,5.236,1.88,0.826,4.28,0.704,1.186,1.737,1.32,1.029,1.557,1.782,0.634,13.793,1.83,55.85,0.026,55.625
374,0.262314,7.11,7.428,1.248,0.938,0.063,1.5,1.478,5.236,1.886,0.824,4.28,0.72,1.186,1.738,1.32,1.111,1.609,1.818,0.833,16.58,1.83,55.85,0.027,56.237
375,0.261314,7.11,7.428,1.248,0.938,0.063,1.5,1.478,5.236,1.886,0.824,4.28,0.72,1.186,1.738,1.32,1.111,1.609,1.818,0.833,16.58,1.83,55.85,0.027,56.237
376,0.182614,7.11,7.066,1.243,1.062,0.058,1.551,0.531,5.237,1.884,0.828,4.28,0.853,1.177,1.745,1.32,0.889,1.622,0.599,0.293,11.275,1.83,55.85,0.048,49.88
377,0.102014,7.11,7.066,1.243,1.062,0.058,1.551,0.531,5.237,1.884,0.828,4.28,0.853,1.177,1.745,1.32,0.889,1.622,0.599,0.293,11.275,1.83,55.85,0.048,49.88
378,0.046814,7.11,7.059,1.567,1.019,0.067,1.504,0.8,5.237,1.889,0.825,4.28,0.838,1.177,1.748,1.32,1.033,1.678,0.712,0.409,14.03,1.83,55.85,0.048,50.888
379,0.022614,7.11,7.059,1.567,1.019,0.067,1.504,0.8,5.237,1.889,0.825,4.28,0.838,1.177,1.748,1.32,1.033,1.678,0.712,0.409,14.03,1.83,55.85,0.048,50.888
380,0.165114,7.11,7.035,1.057,1.084,0.139,1.549,0.87,5.236,2.102,0.838,4.28,0.928,1.195,1.749,1.32,0.972,1.67,1.246,0.415,10.578,1.83,55.85,0.049,33.935
381,0.203014,7.11,7.035,1.057,1.084,0.139,1.549,0.87,5.236,2.102,0.838,4.28,0.928,1.195,1.749,1.32,0.972,1.67,1.246,0.415,10.578,1.83,55.85,0.049,33.935
382,0.034614,7.11,7.027,1.335,1.039,0.153,1.503,1.189,5.236,2.108,0.834,4.28,0.923,1.194,1.752,1.32,0.997,1.728,1.306,0.604,13.283,1.83,55.85,0.05,34.793
383,0.048014,7.11,7.027,1.335,1.039,0.153,1.503,1.189,5.236,2.108,0.834,4.28,0.923,1.194,1.752,1.32,0.997,1.728,1.306,0.604,13.283,1.83,55.85,0.05,34.793
384,0.304514,7.11,7.101,1.154,1.078,0.08,1.551,0.484,5.237,1.91,0.793,4.28,0.769,1.186,1.687,1.32,0.914,1.589,0.974,0.373,11.834,1.83,55.85,0.044,57.056
385,0.295414,7.11,7.101,1.154,1.078,0.08,1.551,0.484,5.237,1.91,0.793,4.28,0.769,1.186,1.687,1.32,0.914,1.589,0.974,0.373,11.834,1.83,55.85,0.044,57.056
386,0.037414,7.11,7.094,1.43,1.037,0.088,1.504,0.779,5.237,1.917,0.789,4.28,0.781,1.187,1.689,1.32,0.975,1.646,1.053,0.513,14.6,1.83,55.85,0.044,58.573
387,0.002514,7.11,7.094,1.43,1.037,0.088,1.504,0.779,5.237,1.917,0.789,4.28,0.781,1.187,1.689,1.32,0.975,1.646,1.053,0.513,14.6,1.83,55.85,0.044,58.573
388,0.432814,7.11,7.143,1.304,1.026,0.085,1.551,0.648,5.236,1.909,0.823,4.28,0.81,1.178,1.721,1.32,1.011,1.609,1.073,0.288,11.91,1.83,55.85,0.04,46.817
389,0.537414,7.11,7.143,1.304,1.026,0.085,1.551,0.648,5.236,1.909,0.823,4.28,0.81,1.178,1.721,1.32,1.011,1.609,1.073,0.288,11.91,1.83,55.85,0.04,46.817
390,0.156214,7.11,7.136,1.583,0.985,0.094,1.504,0.97,5.236,1.914,0.82,4.28,0.813,1.178,1.724,1.32,1.136,1.664,1.145,0.452,14.671,1.83,55.85,0.04,47.744
391,0.207814,7.11,7.136,1.583,0.985,0.094,1.504,0.97,5.236,1.914,0.82,4.28,0.813,1.178,1.724,1.32,1.136,1.664,1.145,0.452,14.671,1.83,55.85,0.04,47.744
392,0.770714,7.11,7.275,1.25,1.011,0.053,1.552,0.583,5.236,1.834,0.819,4.28,0.851,1.156,1.743,1.32,0.928,1.554,0.599,0.319,13.22,1.83,55.85,0.034,59.494
393,0.796214,7.11,7.275,1.25,1.011,0.053,1.552,0.583,5.236,1.834,0.819,4.28,0.851,1.156,1.743,1.32,0.928,1.554,0.599,0.319,13.22,1.83,55.85,0.034,59.494
394,0.166014,7.11,7.269,1.565,0.973,0.06,1.552,0.866,5.236,1.84,0.816,4.28,0.836,1.156,1.745,1.32,1.071,1.607,0.712,0.435,16.019,1.83,55.85,0.035,60.494
395,0.247514,7.11,7.269,1.565,0.973,0.06,1.552,0.866,5.236,1.84,0.816,4.28,0.836,1.156,1.745,1.32,1.071,1.607,0.712,0.435,16.019,1.83,55.85,0.035,60.494
396,0.981014,7.11,7.248,1.217,1.014,0.095,1.551,0.602,5.236,1.944,0.825,4.28,0.903,1.202,1.745,1.32,0.941,1.603,1.246,0.334,12.301,1.83,55.85,0.035,44.359
397,1.014114,7.11,7.248,1.217,1.014,0.095,1.551,0.602,5.236,1.944,0.825,4.28,0.903,1.202,1.745,1.32,0.941,1.603,1.246,0.334,12.301,1.83,55.85,0.035,44.359
398,0.688914,7.11,7.242,1.522,0.974,0.104,1.504,0.934,5.236,1.95,0.822,4.28,0.896,1.201,1.748,1.32,1.093,1.658,1.306,0.505,15.065,1.83,55.85,0.036,45.335
399,0.588414,7.11,7.242,1.522,0.974,0.104,1.504,0.934,5.236,1.95,0.822,4.28,0.896,1.201,1.748,1.32,1.093,1.658,1.306,0.505,15.065,1.83,55.85,0.036,45.335
400,0.463914,7.11,7.195,1.206,1.011,0.057,1.551,0.602,5.236,1.817,0.81,4.28,0.813,1.11,1.682,1.32,0.904,1.55,0.599,0.321,13.132,1.83,55.85,0.037,65.336
401,0.702314,7.11,7.195,1.206,1.011,0.057,1.551,0.602,5.236,1.817,0.81,4.28,0.813,1.11,1.682,1.32,0.904,1.55,0.599,0.321,13.132,1.83,55.85,0.037,65.336
402,0.189014,7.11,7.189,1.511,0.973,0.065,1.504,0.886,5.236,1.823,0.808,4.28,0.799,1.109,1.684,1.32,1.032,1.604,0.712,0.436,15.937,1.83,55.85,0.037,66.295
403,0.239314,7.11,7.189,1.511,0.973,0.065,1.504,0.886,5.236,1.823,0.808,4.28,0.799,1.109,1.684,1.32,1.032,1.604,0.712,0.436,15.937,1.83,55.85,0.037,66.295
404,0.650914,7.11,7.228,1.168,1.021,0.069,1.551,0.467,5.237,1.871,0.813,4.28,0.845,1.155,1.73,1.32,1.045,1.554,0.974,0.319,12.617,1.83,55.85,0.038,54.354
405,0.704514,7.11,7.228,1.168,1.021,0.069,1.551,0.467,5.237,1.871,0.813,4.28,0.845,1.155,1.73,1.32,1.045,1.554,0.974,0.319,12.617,1.83,55.85,0.038,54.354
406,0.438814,7.11,7.222,1.456,0.982,0.077,1.504,0.76,5.237,1.877,0.81,4.28,0.836,1.154,1.733,1.32,1.15,1.608,1.053,0.457,15.389,1.83,55.85,0.038,55.321
407,0.242514,7.11,7.222,1.456,0.982,0.077,1.504,0.76,5.237,1.877,0.81,4.28,0.836,1.154,1.733,1.32,1.15,1.608,1.053,0.457,15.389,1.83,55.85,0.038,55.321
408,0.241214,7.11,7.24,1.078,1.007,0.061,1.551,0.579,5.236,1.871,0.835,4.28,0.646,1.141,1.734,1.32,1.033,1.567,1.194,0.323,12.299,1.83,55.85,0.035,51.602
409,0.653214,7.11,7.24,1.078,1.007,0.061,1.551,0.579,5.236,1.871,0.835,4.28,0.646,1.141,1.734,1.32,1.033,1.567,1.194,0.323,12.299,1.83,55.85,0.035,51.602
410,0.458614,7.11,7.233,1.287,0.968,0.07,1.504,0.905,5.236,1.877,0.832,4.28,0.668,1.14,1.737,1.32,1.11,1.621,1.258,0.491,15.072,1.83,55.85,0.035,52.611
411,0.250114,7.11,7.233,1.287,0.968,0.07,1.504,0.905,5.236,1.877,0.832,4.28,0.668,1.14,1.737,1.32,1.11,1.621,1.258,0.491,15.072,1.83,55.85,0.035,52.611
412,1.076714,7.11,7.282,0.991,1.048,0.103,1.548,1.568,5.238,1.991,0.825,4.28,0.759,1.223,1.728,1.32,0.817,1.629,1.862,0.832,12.271,1.83,55.85,0.032,43.016
413,1.065914,7.11,7.282,0.991,1.048,0.103,1.548,1.568,5.238,1.991,0.825,4.28,0.759,1.223,1.728,1.32,0.817,1.629,1.862,0.832,12.271,1.83,55.85,0.032,43.016
414,1.076514,7.11,7.276,1.18,1.006,0.112,1.501,1.887,5.238,1.998,0.822,4.28,0.777,1.222,1.73,1.32,0.835,1.684,1.895,1.053,15.033,1.83,55.85,0.032,43.973
415,1.345614,7.11,7.276,1.18,1.006,0.112,1.501,1.887,5.238,1.998,0.822,4.28,0.777,1.222,1.73,1.32,0.835,1.684,1.895,1.053,15.033,1.83,55.85,0.032,43.973
416,1.128014,7.11,7.208,1.196,1.01,0.083,1.551,0.98,5.237,1.936,0.816,4.28,0.712,1.156,1.731,1.32,1.126,1.606,1.246,0.347,12.136,1.83,55.85,0.038,45.633
417,1.028214,7.11,7.208,1.196,1.01,0.083,1.551,0.98,5.237,1.936,0.816,4.28,0.712,1.156,1.731,1.32,1.126,1.606,1.246,0.347,12.136,1.83,55.85,0.038,45.633
418,0.369214,7.11,7.201,1.473,0.97,0.091,1.504,1.289,5.237,1.942,0.813,4.28,0.73,1.156,1.733,1.32,1.231,1.661,1.306,0.521,14.897,1.83,55.85,0.038,46.573
419,0.301914,7.11,7.201,1.473,0.97,0.091,1.504,1.289,5.237,1.942,0.813,4.28,0.73,1.156,1.733,1.32,1.231,1.661,1.306,0.521,14.897,1.83,55.85,0.038,46.573
420,1.024614,7.11,7.441,1.06,0.97,0.065,1.551,1.305,5.236,1.906,0.818,4.28,0.717,1.192,1.728,1.32,0.995,1.562,1.862,0.695,14.24,1.83,55.85,0.026,55.782
421,0.341014,7.11,7.436,1.223,0.934,0.073,1.504,1.632,5.236,1.912,0.816,4.28,0.733,1.192,1.73,1.32,1.071,1.614,1.895,0.896,17.037,1.83,55.85,0.026,56.694
422,0.351914,7.11,7.157,1.384,1.068,0.067,1.551,0.522,5.236,2.015,0.847,4.28,0.903,1.239,1.751,1.32,0.974,1.636,0.599,0.29,11.544,1.83,55.85,0.04,41.955
423,0.476514,7.11,7.157,1.384,1.068,0.067,1.551,0.522,5.236,2.015,0.847,4.28,0.903,1.239,1.751,1.32,0.974,1.636,0.599,0.29,11.544,1.83,55.85,0.04,41.955
424,0.313114,7.11,7.15,1.751,1.025,0.077,1.504,0.794,5.236,2.02,0.844,4.28,0.889,1.238,1.753,1.32,1.155,1.692,0.712,0.407,14.29,1.83,55.85,0.04,42.985
425,0.295914,7.11,7.15,1.751,1.025,0.077,1.504,0.794,5.236,2.02,0.844,4.28,0.889,1.238,1.753,1.32,1.155,1.692,0.712,0.407,14.29,1.83,55.85,0.04,42.985
426,0.523514,7.11,7.441,1.06,0.97,0.065,1.551,1.305,5.236,1.906,0.818,4.28,0.717,1.192,1.728,1.32,0.995,1.562,1.862,0.695,14.24,1.83,55.85,0.026,55.782
427,0.275614,7.11,7.436,1.223,0.934,0.073,1.504,1.632,5.236,1.912,0.816,4.28,0.733,1.192,1.73,1.32,1.071,1.614,1.895,0.896,17.037,1.83,55.85,0.026,56.694
428,1.239814,6.61,6.847,1.679,1.103,0.055,1.529,0.49,5.45,1.81,0.821,4.39,0.944,1.131,1.734,1.26,1.225,1.58,0.518,0.127,10.282,1.88,58.93,0.045,47.759
429,1.150614,6.61,6.847,1.679,1.103,0.055,1.529,0.49,5.45,1.81,0.821,4.39,0.944,1.131,1.734,1.26,1.225,1.58,0.518,0.127,10.282,1.88,58.93,0.045,47.759
430,1.076214,6.61,6.84,2.044,1.06,0.065,1.489,0.772,5.45,1.817,0.818,4.39,0.875,1.131,1.738,1.26,1.333,1.641,0.64,0.159,12.706,1.88,58.93,0.045,48.461
431,1.089014,6.61,6.84,2.044,1.06,0.065,1.489,0.772,5.45,1.817,0.818,4.39,0.875,1.131,1.738,1.26,1.333,1.641,0.64,0.159,12.706,1.88,58.93,0.045,48.461
432,1.222814,6.61,6.808,1.115,1.121,0.146,1.528,0.7,5.45,2.038,0.831,4.39,0.972,1.15,1.739,1.26,1.058,1.645,1.204,0.226,9.483,1.88,58.93,0.047,32.497
433,1.072314,6.61,6.808,1.115,1.121,0.146,1.528,0.7,5.45,2.038,0.831,4.39,0.972,1.15,1.739,1.26,1.058,1.645,1.204,0.226,9.483,1.88,58.93,0.047,32.497
434,1.066214,6.61,6.8,1.495,1.076,0.163,1.482,1.012,5.45,2.045,0.827,4.39,0.948,1.15,1.742,1.26,1.078,1.708,1.267,0.327,11.855,1.88,58.93,0.047,33.044
435,1.130814,6.61,6.891,1.308,1.119,0.08,1.529,0.449,5.45,1.834,0.785,4.39,0.741,1.138,1.674,1.26,1.108,1.539,0.919,0.212,10.893,1.88,58.93,0.041,54.598
436,0.982814,6.61,6.891,1.308,1.119,0.08,1.529,0.449,5.45,1.834,0.785,4.39,0.741,1.138,1.674,1.26,1.108,1.539,0.919,0.212,10.893,1.88,58.93,0.041,54.598
437,0.924114,6.61,6.884,1.669,1.078,0.088,1.496,0.716,5.45,1.843,0.782,4.39,0.761,1.139,1.676,1.26,1.147,1.6,1.002,0.25,13.327,1.88,58.93,0.042,55.815
438,1.182514,6.61,6.942,1.528,1.066,0.086,1.529,0.536,5.45,1.838,0.817,4.39,0.816,1.136,1.712,1.26,1.19,1.571,1.023,0.097,10.932,1.88,58.93,0.037,44.633
439,1.060414,6.61,6.935,1.872,1.025,0.097,1.483,0.85,5.45,1.846,0.814,4.39,0.814,1.136,1.714,1.26,1.326,1.631,1.098,0.17,13.36,1.88,58.93,0.037,45.264
440,1.496814,6.61,7.101,1.642,1.053,0.047,1.552,0.535,5.45,1.759,0.814,4.39,0.932,1.11,1.735,1.26,1.251,1.503,0.518,0.148,12.321,1.88,58.93,0.032,56.76
441,1.261114,6.61,7.101,1.642,1.053,0.047,1.552,0.535,5.45,1.759,0.814,4.39,0.932,1.11,1.735,1.26,1.251,1.503,0.518,0.148,12.321,1.88,58.93,0.032,56.76
442,1.144014,6.61,7.095,2.009,1.015,0.056,1.552,0.827,5.45,1.766,0.811,4.39,0.872,1.11,1.737,1.26,1.369,1.559,0.64,0.178,14.786,1.88,58.93,0.032,57.476
443,1.494514,6.61,7.069,1.323,1.054,0.098,1.529,0.459,5.45,1.869,0.82,4.39,0.941,1.163,1.738,1.26,1.0,1.565,1.204,0.143,11.326,1.88,58.93,0.033,42.474
444,1.336714,6.61,7.069,1.323,1.054,0.098,1.529,0.459,5.45,1.869,0.82,4.39,0.941,1.163,1.738,1.26,1.0,1.565,1.204,0.143,11.326,1.88,58.93,0.033,42.474
445,1.061514,6.61,7.063,1.723,1.014,0.109,1.483,0.785,5.45,1.877,0.817,4.39,0.919,1.163,1.74,1.26,1.201,1.624,1.267,0.225,13.757,1.88,58.93,0.033,43.14
446,1.274814,6.61,6.993,1.567,1.06,0.056,1.529,0.568,5.45,1.756,0.796,4.39,0.886,1.062,1.661,1.26,1.228,1.509,0.518,0.155,12.479,1.88,58.93,0.035,64.584
447,1.078714,6.61,6.999,1.939,1.014,0.062,1.483,0.847,5.45,1.751,0.802,4.39,0.833,1.065,1.673,1.26,1.326,1.558,0.64,0.18,14.728,1.88,58.93,0.035,63.119
448,1.268714,6.61,7.045,1.349,1.061,0.067,1.529,0.438,5.45,1.798,0.807,4.39,0.888,1.113,1.721,1.26,1.286,1.507,0.919,0.165,11.672,1.88,58.93,0.035,51.94
449,1.150814,6.61,7.045,1.349,1.061,0.067,1.529,0.438,5.45,1.798,0.807,4.39,0.888,1.113,1.721,1.26,1.286,1.507,0.919,0.165,11.672,1.88,58.93,0.035,51.94
450,1.143114,6.61,7.024,1.696,1.027,0.074,1.484,0.726,5.45,1.817,0.796,4.39,0.856,1.11,1.714,1.26,1.363,1.573,1.002,0.202,14.25,1.88,58.93,0.036,54.572
451,1.079914,6.61,7.024,1.696,1.027,0.074,1.484,0.726,5.45,1.817,0.796,4.39,0.856,1.11,1.714,1.26,1.363,1.573,1.002,0.202,14.25,1.88,58.93,0.036,54.572
452,1.518814,6.61,7.059,1.131,1.048,0.058,1.529,0.442,5.45,1.797,0.83,4.39,0.597,1.095,1.726,1.26,1.147,1.52,1.15,0.136,11.325,1.88,58.93,0.033,49.54
453,1.121314,6.61,7.041,1.401,1.01,0.067,1.483,0.767,5.45,1.816,0.818,4.39,0.629,1.09,1.718,1.26,1.189,1.585,1.217,0.205,13.988,1.88,58.93,0.033,52.524
454,1.592314,6.61,7.124,0.928,1.096,0.106,1.527,1.347,5.451,1.897,0.827,4.39,0.722,1.174,1.73,1.26,0.789,1.586,1.839,0.675,11.125,1.88,58.93,0.03,40.394
455,1.507414,6.61,7.124,0.928,1.096,0.106,1.527,1.347,5.451,1.897,0.827,4.39,0.722,1.174,1.73,1.26,0.789,1.586,1.839,0.675,11.125,1.88,58.93,0.03,40.394
456,1.332014,6.61,7.02,1.319,1.05,0.083,1.529,0.861,5.45,1.866,0.81,4.39,0.669,1.114,1.722,1.26,1.295,1.571,1.204,0.152,11.165,1.88,58.93,0.036,43.624
457,1.440814,6.61,7.02,1.319,1.05,0.083,1.529,0.861,5.45,1.866,0.81,4.39,0.669,1.114,1.722,1.26,1.295,1.571,1.204,0.152,11.165,1.88,58.93,0.036,43.624
458,1.081414,6.61,7.014,1.675,1.01,0.093,1.483,1.163,5.45,1.874,0.807,4.39,0.7,1.114,1.724,1.26,1.406,1.63,1.267,0.237,13.591,1.88,58.93,0.036,44.258
459,1.053214,6.61,7.014,1.675,1.01,0.093,1.483,1.163,5.45,1.874,0.807,4.39,0.7,1.114,1.724,1.26,1.406,1.63,1.267,0.237,13.591,1.88,58.93,0.036,44.258
460,1.238114,6.61,7.308,1.055,1.014,0.061,1.529,1.108,5.45,1.814,0.819,4.39,0.68,1.144,1.73,1.26,1.014,1.511,1.839,0.525,13.099,1.88,58.93,0.024,52.377
461,1.064614,6.61,7.303,1.24,0.977,0.071,1.483,1.432,5.45,1.822,0.817,4.39,0.699,1.144,1.732,1.26,1.102,1.566,1.873,0.64,15.554,1.88,58.93,0.024,53.004
462,1.005814,6.61,7.303,1.24,0.977,0.071,1.483,1.432,5.45,1.822,0.817,4.39,0.699,1.144,1.732,1.26,1.102,1.566,1.873,0.64,15.554,1.88,58.93,0.024,53.004
463,1.420314,6.61,6.959,1.859,1.111,0.064,1.529,0.478,5.45,1.937,0.842,4.39,0.998,1.191,1.742,1.26,1.302,1.592,0.518,0.124,10.507,1.88,58.93,0.037,40.404
464,1.009014,6.61,6.952,2.288,1.068,0.077,1.483,0.761,5.45,1.945,0.838,4.39,0.929,1.19,1.745,1.26,1.481,1.653,0.64,0.157,12.921,1.88,58.93,0.037,41.132
465,1.149814,6.61,7.101,1.629,1.053,0.044,1.562,0.535,5.45,1.736,0.814,4.39,0.932,1.11,1.742,1.26,1.2,1.503,0.518,0.148,12.321,1.88,58.93,0.032,58.297
466,1.090814,6.61,7.096,2.0,1.015,0.054,1.562,0.827,5.45,1.744,0.811,4.39,0.872,1.11,1.745,1.26,1.309,1.559,0.64,0.178,14.786,1.88,58.93,0.032,59.054
467,1.101614,6.61,7.096,2.0,1.015,0.054,1.562,0.827,5.45,1.744,0.811,4.39,0.872,1.11,1.745,1.26,1.309,1.559,0.64,0.178,14.786,1.88,58.93,0.032,59.054
468,1.310514,6.61,7.308,1.055,1.014,0.061,1.529,1.108,5.45,1.814,0.819,4.39,0.68,1.144,1.73,1.26,1.014,1.511,1.839,0.525,13.099,1.88,58.93,0.024,52.377
469,0.946814,6.61,7.303,1.24,0.977,0.071,1.483,1.432,5.45,1.822,0.817,4.39,0.699,1.144,1.732,1.26,1.102,1.566,1.873,0.64,15.554,1.88,58.93,0.024,53.004
470,1.081514,6.61,6.881,1.19,1.097,0.069,1.532,0.46,5.45,1.83,0.818,4.39,0.762,1.132,1.733,1.26,0.814,1.582,0.776,0.107,10.496,1.88,58.93,0.042,47.887
471,1.091114,6.61,6.874,1.564,1.055,0.079,1.489,0.728,5.45,1.838,0.814,4.39,0.771,1.132,1.736,1.26,0.994,1.643,0.871,0.14,12.927,1.88,58.93,0.043,48.883
472,1.134514,6.61,6.843,1.028,1.122,0.16,1.531,0.828,5.45,2.059,0.826,4.39,0.894,1.152,1.737,1.26,0.896,1.648,1.342,0.296,9.639,1.88,58.93,0.044,32.413
473,1.002514,6.61,6.835,1.341,1.077,0.176,1.486,1.137,5.45,2.066,0.822,4.39,0.896,1.152,1.74,1.26,0.94,1.711,1.397,0.406,12.02,1.88,58.93,0.044,33.269
474,1.121414,6.61,6.835,1.341,1.077,0.176,1.486,1.137,5.45,2.066,0.822,4.39,0.896,1.152,1.74,1.26,0.94,1.711,1.397,0.406,12.02,1.88,58.93,0.044,33.269
475,1.212514,6.61,6.923,1.089,1.112,0.091,1.533,0.441,5.45,1.852,0.783,4.39,0.693,1.138,1.674,1.26,0.858,1.54,1.098,0.207,11.121,1.88,58.93,0.039,54.917
476,0.958514,6.61,6.916,1.404,1.071,0.099,1.496,0.761,5.45,1.861,0.78,4.39,0.722,1.138,1.676,1.26,0.937,1.601,1.168,0.279,13.562,1.88,58.93,0.04,56.409
477,1.207514,6.61,6.973,1.275,1.063,0.099,1.532,0.626,5.45,1.855,0.814,4.39,0.75,1.136,1.711,1.26,0.949,1.572,1.186,0.146,11.148,1.88,58.93,0.035,44.705
478,1.051114,6.61,6.966,1.587,1.022,0.109,1.488,0.942,5.45,1.862,0.811,4.39,0.766,1.135,1.713,1.26,1.098,1.632,1.251,0.228,13.582,1.88,58.93,0.036,45.626
479,1.257314,6.61,7.127,1.192,1.046,0.059,1.552,0.511,5.45,1.773,0.811,4.39,0.76,1.108,1.734,1.26,0.85,1.503,0.776,0.13,12.574,1.88,58.93,0.031,56.932
480,1.071214,6.61,7.121,1.554,1.008,0.068,1.552,0.793,5.45,1.78,0.809,4.39,0.769,1.108,1.736,1.26,1.028,1.559,0.871,0.162,15.043,1.88,58.93,0.031,57.934
481,1.298614,6.61,7.096,1.177,1.051,0.111,1.532,0.583,5.45,1.883,0.817,4.39,0.86,1.161,1.736,1.26,0.853,1.565,1.342,0.198,11.546,1.88,58.93,0.032,42.557
482,1.253614,6.61,7.091,1.516,1.012,0.122,1.488,0.908,5.45,1.891,0.814,4.39,0.861,1.161,1.738,1.26,1.034,1.624,1.397,0.287,13.981,1.88,58.93,0.032,43.507
483,1.261314,6.61,7.034,1.149,1.045,0.065,1.533,0.529,5.45,1.758,0.802,4.39,0.727,1.065,1.673,1.26,0.833,1.502,0.776,0.132,12.512,1.88,58.93,0.033,62.626
484,1.091914,6.61,7.028,1.499,1.007,0.073,1.488,0.813,5.45,1.766,0.8,4.39,0.734,1.065,1.676,1.26,0.993,1.559,0.871,0.163,14.987,1.88,58.93,0.033,63.588
485,1.119114,6.61,7.028,1.499,1.007,0.073,1.488,0.813,5.45,1.766,0.8,4.39,0.734,1.065,1.676,1.26,0.993,1.559,0.871,0.163,14.987,1.88,58.93,0.033,63.588
486,1.252614,6.61,7.073,1.123,1.056,0.079,1.533,0.422,5.45,1.814,0.805,4.39,0.784,1.113,1.721,1.26,0.987,1.508,1.098,0.151,11.898,1.88,58.93,0.034,52.117
487,1.088114,6.61,7.067,1.448,1.017,0.088,1.488,0.744,5.45,1.822,0.802,4.39,0.788,1.113,1.724,1.26,1.114,1.566,1.168,0.222,14.342,1.88,58.93,0.034,53.072
488,1.457014,6.61,7.086,1.051,1.045,0.072,1.532,0.555,5.45,1.811,0.827,4.39,0.601,1.094,1.725,1.26,1.013,1.521,1.295,0.185,11.559,1.88,58.93,0.031,49.65
489,1.007614,6.61,7.08,1.278,1.006,0.082,1.488,0.876,5.45,1.818,0.824,4.39,0.63,1.094,1.728,1.26,1.098,1.579,1.353,0.271,14.004,1.88,58.93,0.032,50.659
490,1.714014,6.61,7.136,0.936,1.09,0.119,1.53,1.501,5.451,1.931,0.817,4.39,0.741,1.181,1.72,1.26,0.78,1.592,1.915,0.744,11.509,1.88,58.93,0.029,41.306
491,1.290014,6.61,7.13,1.139,1.048,0.129,1.485,1.813,5.451,1.939,0.814,4.39,0.761,1.181,1.722,1.26,0.802,1.652,1.946,0.883,13.942,1.88,58.93,0.029,42.237
492,1.268914,6.61,7.049,1.164,1.047,0.096,1.532,0.942,5.45,1.881,0.807,4.39,0.654,1.114,1.721,1.26,1.068,1.573,1.342,0.213,11.379,1.88,58.93,0.034,43.754
493,1.087714,6.61,7.043,1.472,1.007,0.105,1.488,1.245,5.45,1.889,0.804,4.39,0.685,1.114,1.723,1.26,1.193,1.632,1.397,0.306,13.811,1.88,58.93,0.034,44.67
494,1.248714,6.61,7.317,1.044,1.01,0.072,1.532,1.26,5.45,1.838,0.812,4.39,0.695,1.147,1.722,1.26,0.98,1.514,1.915,0.588,13.583,1.88,58.93,0.023,53.105
495,1.044814,6.61,7.313,1.215,0.974,0.081,1.488,1.583,5.45,1.846,0.809,4.39,0.713,1.147,1.723,1.26,1.061,1.57,1.946,0.707,16.047,1.88,58.93,0.023,54.018
496,1.429114,6.61,6.989,1.323,1.105,0.08,1.532,0.455,5.45,1.951,0.838,4.39,0.808,1.188,1.74,1.26,0.88,1.591,0.776,0.105,10.715,1.88,58.93,0.036,40.503
497,0.999314,6.61,6.983,1.748,1.063,0.092,1.488,0.726,5.45,1.959,0.834,4.39,0.818,1.187,1.743,1.26,1.106,1.652,0.871,0.14,13.136,1.88,58.93,0.036,41.532
498,1.253414,6.61,7.317,1.044,1.01,0.072,1.532,1.26,5.45,1.838,0.812,4.39,0.695,1.147,1.722,1.26,0.98,1.514,1.915,0.588,13.583,1.88,58.93,0.023,53.105
499,1.033614,6.61,7.313,1.215,0.974,0.081,1.488,1.583,5.45,1.846,0.809,4.39,0.713,1.147,1.723,1.26,1.061,1.57,1.946,0.707,16.047,1.88,58.93,0.023,54.018
500,1.047114,6.59,6.724,1.954,1.058,0.074,1.489,0.943,5.433,1.766,0.809,4.44,1.043,1.091,1.728,1.24,1.394,1.605,0.19,0.637,11.89,1.91,58.69,0.041,46.417
501,1.042114,6.59,6.68,1.473,1.073,0.182,1.466,1.1,5.433,2.003,0.817,4.44,1.019,1.111,1.732,1.24,1.219,1.69,1.052,0.687,10.91,1.91,58.69,0.042,31.358
502,0.801314,6.59,6.774,1.692,1.076,0.096,1.496,0.867,5.433,1.788,0.775,4.44,0.915,1.096,1.666,1.24,1.24,1.555,0.712,0.71,12.56,1.91,58.69,0.038,53.734
503,1.026214,6.59,6.831,1.83,1.023,0.108,1.468,0.906,5.433,1.794,0.806,4.44,0.935,1.098,1.706,1.24,1.406,1.597,0.839,0.574,12.548,1.91,58.69,0.034,43.201
504,0.829014,6.59,7.007,1.946,1.012,0.06,1.552,0.993,5.433,1.708,0.805,4.44,1.041,1.068,1.73,1.24,1.444,1.512,0.19,0.66,14.06,1.91,58.69,0.029,55.077
505,0.719414,6.59,6.972,1.726,1.011,0.122,1.468,0.835,5.433,1.818,0.81,4.44,1.006,1.127,1.733,1.24,1.342,1.589,1.052,0.616,12.945,1.91,58.69,0.03,41.268
506,0.922914,6.59,6.902,1.88,1.012,0.067,1.468,1.015,5.433,1.696,0.796,4.44,0.995,1.026,1.666,1.24,1.389,1.513,0.19,0.663,14.026,1.91,58.69,0.031,60.624
507,1.046314,6.59,6.928,1.69,1.025,0.081,1.468,0.884,5.433,1.76,0.789,4.44,0.978,1.071,1.707,1.24,1.429,1.53,0.712,0.669,13.496,1.91,58.69,0.032,52.381
508,1.008414,6.59,6.947,1.423,1.008,0.075,1.468,0.824,5.433,1.755,0.811,4.44,0.729,1.046,1.71,1.24,1.227,1.541,0.989,0.603,13.221,1.91,58.69,0.03,50.524
509,0.827314,6.59,7.033,1.24,1.05,0.132,1.465,1.797,5.434,1.849,0.818,4.44,0.786,1.138,1.726,1.24,0.901,1.614,1.762,1.111,12.705,1.91,58.69,0.027,39.293
510,1.075114,6.59,6.918,1.665,1.007,0.104,1.468,1.247,5.433,1.821,0.8,4.44,0.821,1.077,1.716,1.24,1.484,1.601,1.052,0.623,12.779,1.91,58.69,0.032,42.354
511,0.830214,6.59,7.232,1.267,0.974,0.076,1.468,1.529,5.433,1.759,0.812,4.44,0.75,1.106,1.727,1.24,1.14,1.523,1.762,0.974,14.794,1.91,58.69,0.021,50.513
512,0.880914,6.59,6.85,2.188,1.065,0.087,1.468,0.922,5.433,1.883,0.831,4.44,1.106,1.144,1.737,1.24,1.569,1.611,0.19,0.631,12.059,1.91,58.69,0.034,39.503
513,1.019514,6.59,7.007,1.94,1.012,0.058,1.562,0.993,5.433,1.682,0.805,4.44,1.041,1.068,1.738,1.24,1.379,1.512,0.19,0.66,14.06,1.91,58.69,0.029,57.115
514,0.727714,6.59,7.232,1.267,0.974,0.076,1.468,1.529,5.433,1.759,0.812,4.44,0.75,1.106,1.727,1.24,1.14,1.523,1.762,0.974,14.794,1.91,58.69,0.021,50.513
515,1.246014,6.59,6.762,1.576,1.052,0.089,1.489,0.878,5.433,1.786,0.806,4.44,0.909,1.09,1.727,1.24,1.097,1.605,0.532,0.607,12.13,1.91,58.69,0.039,47.248
516,1.080314,6.59,6.719,1.34,1.075,0.197,1.471,1.241,5.433,2.023,0.813,4.44,0.96,1.111,1.73,1.24,1.076,1.691,1.211,0.751,11.099,1.91,58.69,0.04,32.036
517,1.108914,6.59,6.81,1.456,1.069,0.108,1.496,0.812,5.433,1.805,0.773,4.44,0.847,1.093,1.667,1.24,1.041,1.555,0.928,0.686,12.809,1.91,58.69,0.036,54.655
518,1.163114,6.59,6.865,1.59,1.019,0.123,1.472,1.007,5.433,1.81,0.803,4.44,0.868,1.096,1.705,1.24,1.194,1.597,1.032,0.618,12.785,1.91,58.69,0.032,43.978
519,1.138614,6.59,7.035,1.58,1.005,0.073,1.552,0.944,5.433,1.722,0.803,4.44,0.908,1.064,1.729,1.24,1.139,1.511,0.532,0.634,14.328,1.91,58.69,0.028,55.931
520,0.861214,6.59,7.002,1.541,1.009,0.137,1.472,0.969,5.433,1.832,0.807,4.44,0.939,1.123,1.732,1.24,1.171,1.588,1.211,0.666,13.184,1.91,58.69,0.029,42.047
521,1.236114,6.59,6.934,1.526,1.005,0.08,1.472,0.964,5.433,1.711,0.793,4.44,0.868,1.024,1.669,1.24,1.094,1.513,0.532,0.637,14.296,1.91,58.69,0.03,61.469
522,1.216314,6.59,6.976,1.473,1.014,0.097,1.473,0.791,5.433,1.767,0.795,4.44,0.891,1.074,1.717,1.24,1.204,1.522,0.928,0.63,13.576,1.91,58.69,0.03,51.299
523,1.037714,6.59,6.991,1.306,1.003,0.092,1.472,0.943,5.433,1.76,0.817,4.44,0.714,1.05,1.721,1.24,1.141,1.534,1.158,0.653,13.223,1.91,58.69,0.028,49.117
524,1.114914,6.59,6.949,1.487,1.004,0.118,1.472,1.337,5.433,1.837,0.797,4.44,0.785,1.075,1.716,1.24,1.286,1.601,1.211,0.679,13.013,1.91,58.69,0.031,43.158
525,1.309914,6.59,7.242,1.241,0.971,0.087,1.472,1.686,5.433,1.781,0.804,4.44,0.76,1.106,1.719,1.24,1.1,1.524,1.843,1.036,15.313,1.91,58.69,0.021,51.926
526,0.932314,6.59,6.883,1.762,1.06,0.105,1.472,0.868,5.433,1.897,0.827,4.44,0.964,1.139,1.735,1.24,1.234,1.609,0.532,0.603,12.293,1.91,58.69,0.032,40.364
527,0.573114,6.59,7.242,1.241,0.971,0.087,1.472,1.686,5.433,1.781,0.804,4.44,0.76,1.106,1.719,1.24,1.1,1.524,1.843,1.036,15.313,1.91,58.69,0.021,51.926
528,1.383914,6.53,9.548,1.84,0.925,0.012,1.58,1.38,4.724,2.013,0.904,3.49,1.25,1.318,1.853,1.28,1.554,1.751,-1.099,1.324,24.072,1.9,63.55,0.096,67.986
529,1.622014,6.53,9.545,1.483,0.925,0.058,1.579,1.335,4.723,2.185,0.925,3.49,1.161,1.321,1.857,1.28,1.508,1.744,-0.297,1.215,24.606,1.9,63.55,0.1,50.824
530,1.595114,6.53,9.554,1.798,0.885,0.026,1.58,1.312,4.723,2.043,0.888,3.49,1.135,1.314,1.81,1.28,1.601,1.73,-0.641,1.233,24.169,1.9,63.55,0.08,68.607
531,1.567314,6.53,9.567,1.854,0.886,0.019,1.58,1.413,4.724,2.004,0.873,3.49,1.256,1.318,1.82,1.28,1.622,1.725,-1.099,1.343,24.445,1.9,63.55,0.069,83.266
532,1.815114,6.53,9.564,1.777,0.871,0.031,1.58,1.034,4.724,2.102,0.885,3.49,1.167,1.334,1.822,1.28,1.628,1.728,-0.297,1.178,24.345,1.9,63.55,0.071,62.442
533,1.466114,6.53,9.559,1.793,0.888,0.02,1.58,1.439,4.723,1.976,0.867,3.49,1.2,1.258,1.756,1.28,1.545,1.714,-1.099,1.35,24.241,1.9,63.55,0.075,89.949
534,1.354214,6.53,9.561,1.699,0.899,0.025,1.581,1.295,4.724,2.048,0.863,3.49,1.17,1.298,1.803,1.28,1.586,1.718,-0.776,1.334,24.338,1.9,63.55,0.077,77.777
535,1.414714,6.53,9.562,1.499,0.868,0.017,1.58,1.051,4.723,2.055,0.886,3.49,0.939,1.297,1.802,1.28,1.379,1.727,-0.42,1.18,24.269,1.9,63.55,0.072,73.769
536,1.497414,6.53,9.56,1.692,0.869,0.028,1.58,1.493,4.724,2.075,0.879,3.49,1.038,1.292,1.816,1.28,1.663,1.717,-0.297,1.178,24.209,1.9,63.55,0.077,64.304
537,1.554514,6.53,9.586,1.371,0.826,0.026,1.58,1.8,4.723,2.076,0.869,3.49,0.887,1.334,1.789,1.28,1.307,1.715,1.285,1.451,25.138,1.9,63.55,0.052,79.482
538,1.755014,6.53,9.556,2.063,0.926,0.013,1.58,1.342,4.723,2.175,0.915,3.49,1.325,1.401,1.841,1.28,1.78,1.781,-1.099,1.31,24.47,1.9,63.55,0.081,58.237
539,1.253874,6.53,9.564,1.535,0.845,0.023,1.585,1.255,4.724,2.038,0.901,3.49,1.02,1.207,1.817,1.28,1.197,1.662,-0.028,1.234,24.625,1.9,63.55,0.075,67.171
540,1.987504,6.53,9.571,1.778,0.8,0.062,1.585,1.238,4.737,2.047,0.987,3.49,1.127,1.194,1.818,1.28,1.555,1.64,-0.889,1.256,26.593,1.9,63.55,0.068,64.849
541,1.345714,6.53,9.567,1.85,0.886,0.016,1.58,1.413,4.724,1.998,0.873,3.49,1.256,1.318,1.827,1.28,1.547,1.725,-1.099,1.343,24.445,1.9,63.55,0.069,77.913
542,1.978084,6.53,9.579,1.771,0.852,0.035,1.58,1.445,4.724,2.155,0.85,3.49,1.037,1.341,1.797,1.28,1.636,1.718,0.187,1.216,25.129,1.9,63.55,0.058,75.712
543,1.840214,6.53,9.604,1.718,0.817,0.034,1.58,1.589,4.724,2.094,0.836,3.49,1.027,1.326,1.783,1.28,1.623,1.687,0.187,1.279,27.131,1.9,63.55,0.044,92.553
544,1.570614,6.53,6.675,1.574,1.105,0.099,1.489,0.864,5.782,1.72,0.798,3.49,0.898,1.04,1.718,1.28,1.086,1.555,0.565,0.576,11.385,1.9,63.55,0.035,45.546
545,1.702714,6.53,6.628,1.339,1.13,0.22,1.457,1.232,5.782,1.965,0.804,3.49,0.954,1.061,1.722,1.28,1.062,1.662,1.228,0.729,10.232,1.9,63.55,0.037,30.764
546,1.640414,6.53,6.787,1.588,1.074,0.137,1.458,1.0,5.782,1.745,0.796,3.49,0.859,1.049,1.698,1.28,1.184,1.551,1.052,0.592,12.032,1.9,63.55,0.029,42.331
547,1.723214,6.53,6.97,1.577,1.057,0.078,1.552,0.93,5.782,1.65,0.797,3.49,0.897,1.013,1.723,1.28,1.127,1.45,0.565,0.604,13.654,1.9,63.55,0.025,53.919
548,2.119314,6.53,6.934,1.538,1.064,0.154,1.458,0.962,5.782,1.759,0.801,3.49,0.932,1.079,1.725,1.28,1.158,1.541,1.228,0.641,12.427,1.9,63.55,0.026,40.555
549,1.547214,6.53,6.861,1.523,1.055,0.086,1.458,0.951,5.782,1.643,0.787,3.49,0.857,0.977,1.663,1.28,1.084,1.455,0.565,0.606,13.645,1.9,63.55,0.027,59.341
550,1.605714,6.53,6.906,1.47,1.066,0.106,1.459,0.784,5.782,1.7,0.789,3.49,0.882,1.029,1.711,1.28,1.195,1.465,0.951,0.603,12.852,1.9,63.55,0.028,49.505
551,1.458714,6.53,6.922,1.303,1.059,0.103,1.458,0.936,5.782,1.688,0.811,3.49,0.706,0.998,1.714,1.28,1.135,1.477,1.176,0.628,12.486,1.9,63.55,0.026,47.555
552,1.544014,6.53,6.878,1.484,1.059,0.131,1.458,1.329,5.782,1.771,0.79,3.49,0.776,1.029,1.709,1.28,1.276,1.559,1.228,0.655,12.255,1.9,63.55,0.028,41.619
553,1.788614,6.53,7.189,1.237,1.03,0.093,1.458,1.676,5.782,1.703,0.799,3.49,0.755,1.059,1.714,1.28,1.094,1.468,1.852,1.014,14.611,1.9,63.55,0.019,49.825
554,1.696114,6.53,6.807,1.76,1.115,0.118,1.458,0.855,5.782,1.82,0.82,3.49,0.952,1.082,1.727,1.28,1.22,1.552,0.565,0.573,11.498,1.9,63.55,0.029,39.166
555,1.504834,6.53,7.119,1.554,1.031,0.113,1.458,1.28,5.782,1.766,0.784,3.49,0.772,1.048,1.719,1.28,1.295,1.464,1.378,0.672,14.637,1.9,63.55,0.021,49.934
556,1.477614,6.53,7.376,1.491,0.983,0.081,1.458,1.211,5.782,1.657,0.786,3.49,0.757,1.01,1.723,1.28,1.266,1.356,1.378,0.602,17.804,1.9,63.55,0.016,62.686
557,1.571914,6.53,7.189,1.237,1.03,0.093,1.458,1.676,5.782,1.703,0.799,3.49,0.755,1.059,1.714,1.28,1.094,1.468,1.852,1.014,14.611,1.9,63.55,0.019,49.825
558,-0.439686,6.59,6.77,2.003,1.127,0.07,1.489,0.847,5.917,1.789,0.813,1.35,0.953,1.109,1.732,1.39,1.346,1.622,0.456,0.411,12.233,1.65,65.38,0.034,47.296
559,-0.300286,6.59,6.728,1.479,1.146,0.174,1.438,1.05,5.917,2.022,0.821,1.35,0.975,1.128,1.736,1.39,1.13,1.698,1.173,0.516,11.308,1.65,65.38,0.036,32.079
560,-0.513586,6.59,6.818,1.682,1.142,0.092,1.496,0.781,5.917,1.813,0.778,1.35,0.828,1.115,1.67,1.39,1.173,1.576,0.878,0.493,12.883,1.65,65.38,0.032,54.628
561,-0.441986,6.59,6.873,1.849,1.095,0.103,1.44,0.87,5.917,1.818,0.809,1.35,0.865,1.115,1.709,1.39,1.351,1.613,0.986,0.383,12.89,1.65,65.38,0.028,44.08
562,-0.433486,6.59,7.042,1.982,1.081,0.058,1.552,0.901,5.917,1.734,0.808,1.35,0.95,1.087,1.733,1.39,1.389,1.534,0.456,0.433,14.366,1.65,65.38,0.024,56.102
563,-0.558986,6.59,7.008,1.718,1.085,0.116,1.44,0.802,5.917,1.845,0.813,1.35,0.954,1.143,1.736,1.39,1.255,1.605,1.173,0.431,13.288,1.65,65.38,0.025,42.07
564,-0.516586,6.59,6.941,1.914,1.079,0.065,1.44,0.921,5.917,1.721,0.798,1.35,0.908,1.044,1.669,1.39,1.342,1.534,0.456,0.436,14.322,1.65,65.38,0.026,61.69
565,-0.509586,6.59,6.966,1.691,1.092,0.078,1.44,0.795,5.917,1.786,0.792,1.35,0.909,1.089,1.71,1.39,1.384,1.55,0.878,0.449,13.814,1.65,65.38,0.027,53.318
566,-0.407486,6.59,6.985,1.407,1.082,0.072,1.44,0.787,5.917,1.783,0.814,1.35,0.669,1.066,1.713,1.39,1.196,1.561,1.118,0.415,13.544,1.65,65.38,0.025,51.379
567,-0.323386,6.59,7.067,1.19,1.13,0.125,1.437,1.724,5.917,1.874,0.82,1.35,0.758,1.154,1.728,1.39,0.845,1.629,1.823,0.968,13.06,1.65,65.38,0.023,40.052
568,-0.470586,6.59,6.956,1.665,1.079,0.099,1.44,1.197,5.917,1.845,0.803,1.35,0.75,1.094,1.719,1.39,1.433,1.614,1.173,0.441,13.122,1.65,65.38,0.027,43.169
569,-0.463886,6.59,7.26,1.247,1.053,0.074,1.44,1.473,5.917,1.787,0.814,1.35,0.718,1.123,1.729,1.39,1.109,1.543,1.823,0.817,15.115,1.65,65.38,0.018,51.578
570,-0.521986,6.59,6.891,2.242,1.138,0.083,1.44,0.831,5.917,1.911,0.834,1.35,1.011,1.165,1.74,1.39,1.504,1.63,0.456,0.407,12.422,1.65,65.38,0.028,40.2
571,-0.351086,6.59,7.048,1.656,1.119,0.046,1.562,0.608,5.917,1.701,0.81,1.35,1.043,1.086,1.738,1.39,1.25,1.476,0.308,0.326,12.047,1.65,65.38,0.024,57.188
572,-0.278286,6.59,7.181,1.713,1.054,0.09,1.44,1.153,5.917,1.86,0.793,1.35,0.742,1.118,1.728,1.39,1.447,1.541,1.331,0.463,15.383,1.65,65.38,0.02,51.567
573,-0.484286,6.59,6.807,1.566,1.123,0.084,1.489,0.792,5.917,1.809,0.809,1.35,0.831,1.109,1.73,1.39,1.027,1.623,0.728,0.386,12.465,1.65,65.38,0.032,47.957
574,-0.262286,6.59,6.766,1.335,1.149,0.188,1.444,1.183,5.917,2.043,0.817,1.35,0.919,1.129,1.734,1.39,0.99,1.701,1.315,0.587,11.487,1.65,65.38,0.034,32.569
575,-0.494886,6.59,6.852,1.427,1.137,0.104,1.496,0.777,5.917,1.83,0.776,1.35,0.774,1.114,1.671,1.39,0.969,1.576,1.064,0.493,13.126,1.65,65.38,0.03,55.415
576,-0.485486,6.59,7.069,1.563,1.076,0.071,1.552,0.859,5.917,1.748,0.805,1.35,0.829,1.084,1.732,1.39,1.065,1.533,0.728,0.412,14.63,1.65,65.38,0.023,56.791
577,-0.580786,6.59,6.923,1.75,1.134,0.099,1.445,0.786,5.917,1.925,0.83,1.35,0.881,1.161,1.738,1.39,1.148,1.629,0.728,0.384,12.649,1.65,65.38,0.027,40.869
578,-0.158986,6.59,7.27,1.221,1.051,0.085,1.445,1.627,5.917,1.81,0.807,1.35,0.73,1.125,1.721,1.39,1.069,1.545,1.9,0.88,15.624,1.65,65.38,0.017,52.824
