MOFID,label,GATS1p,ATSC1e,X4v,GATS3p,GATS4p,MATS1p,EM,Vatomic,SpPosA_B_p,GATS2m,J_Dz_e,SpDiam_Dz_e,SM1_Dz_e,EE_B_p,MAXDN,VE1_B_s,SpMin1_Bh_s,GATS2p,Eta_sh_x,GATS2e,GATS1m,MATS4p,Mp,ATSC1p,SpMax2_Bh_m,X0Av,P
65,0,1.699,0.556,29.985,2.157,1.393,-0.16,4.1,8.65,1.469,1.045,0.9522,544.497,0.774,8.115,4.032,4.251,1.587,1.279,0.068,1.111,1.033,0.079,0.888,14.675,4.98,0.555,1.66
66,0,1.743,0.857,28.018,2.158,1.389,-0.203,4.1,8.65,1.466,1.042,0.9796,528.343,0.87,8.108,4.199,4.35,1.536,1.278,0.069,1.068,0.986,0.088,0.884,18.514,4.98,0.554,1.66
68,0,1.651,0.643,36.62,1.948,1.561,-0.13,4.1,8.65,1.488,0.991,0.7219,1074.39,-0.396,8.203,3.874,4.277,1.588,1.264,0.047,1.239,0.974,0.027,0.85,15.888,4.98,0.569,1.66
69,0,1.669,0.513,34.476,2.051,1.731,-0.143,4.1,8.65,1.453,0.986,0.7439,1042.103,0.774,8.193,4.036,4.271,1.588,1.29,0.049,1.107,0.968,0.047,0.859,15.419,4.98,0.551,1.66
70,0,1.669,0.513,34.476,2.051,1.731,-0.143,4.1,8.65,1.453,0.986,0.7439,1042.103,0.774,8.193,4.036,4.271,1.588,1.29,0.049,1.107,0.968,0.047,0.859,15.419,4.98,0.551,1.66
72,0,1.692,0.885,33.792,1.996,1.554,-0.161,4.1,8.65,1.483,0.95,0.7939,870.719,0.444,8.173,4.049,4.51,1.538,1.248,0.052,1.048,0.949,0.041,0.835,19.532,4.98,0.569,1.66
74,0,1.662,0.514,34.647,2.028,1.626,-0.143,4.1,8.65,1.47,0.96,0.7774,889.232,0.774,8.177,3.959,4.311,1.588,1.246,0.052,0.915,0.965,0.042,0.852,15.27,4.98,0.555,1.66
75,0,1.704,0.803,32.665,2.031,1.624,-0.185,4.1,8.65,1.467,0.957,0.7947,867.802,0.87,8.17,4.126,4.428,1.538,1.246,0.053,0.897,0.925,0.047,0.849,19.193,4.98,0.554,1.66
77,0,1.651,0.643,37.078,1.938,1.556,-0.13,4.1,8.65,1.481,0.991,0.7499,1030.398,-0.396,8.203,3.937,4.327,1.588,1.264,0.047,1.239,0.974,0.023,0.85,15.888,4.98,0.569,1.66
78,0,1.693,0.883,35.095,1.94,1.553,-0.172,4.1,8.65,1.479,0.987,0.7661,1006.36,-0.238,8.197,4.103,7.154,1.562,1.263,0.047,1.126,0.936,0.029,0.847,19.852,4.98,0.568,1.66
79,0,1.646,0.806,39.779,2.016,1.7,-0.135,4.1,8.65,1.391,0.945,0.5823,2097.446,1.635,8.277,4.634,4.273,1.588,1.284,0.035,0.781,0.922,0.036,0.85,16.702,4.98,0.526,1.66
80,0,1.696,0.584,32.583,1.991,1.542,-0.144,4.1,8.65,1.493,1.022,0.9465,594.316,0.007,8.135,3.972,4.383,1.59,1.279,0.062,1.037,1.014,0.031,0.865,14.747,4.98,0.574,1.66
81,0,1.739,0.823,30.602,1.993,1.539,-0.186,4.1,8.65,1.489,1.018,0.972,578.112,0.203,8.128,4.138,4.501,1.541,1.278,0.063,0.991,0.971,0.036,0.862,18.652,4.98,0.572,1.66
82,0,1.708,0.605,30.378,2.181,1.371,-0.158,4.1,8.65,1.454,1.058,0.9749,575.364,0.979,8.125,4.269,4.345,1.589,1.289,0.065,1.029,1.032,0.087,0.88,14.638,4.98,0.549,1.66
83,0,1.751,0.914,28.413,2.183,1.367,-0.201,4.1,8.65,1.451,1.055,1.002,559.117,1.058,8.117,4.436,4.459,1.539,1.288,0.065,1.009,0.986,0.096,0.876,18.492,4.98,0.548,1.66
84,0,1.684,0.647,33.51,2.031,1.494,-0.105,4.1,8.65,1.453,0.977,0.9658,679.472,0.607,8.148,4.282,4.482,1.591,1.298,0.058,0.944,1.033,0.051,0.826,15.01,4.98,0.567,1.66
85,0,1.684,0.647,33.51,2.031,1.494,-0.105,4.1,8.65,1.453,0.977,0.9658,679.472,0.607,8.148,4.282,4.482,1.591,1.298,0.058,0.944,1.033,0.051,0.826,15.01,4.98,0.567,1.66
86,0,1.655,0.611,37.013,1.964,1.548,-0.129,4.1,8.65,1.476,0.992,0.7426,1108.805,0.007,8.212,4.111,4.37,1.59,1.269,0.045,1.035,0.965,0.033,0.846,16.048,4.98,0.564,1.66
87,0,1.688,0.856,36.414,1.942,1.494,-0.167,4.1,8.65,1.463,0.95,0.7371,995.03,0.203,8.175,4.202,4.536,1.541,1.213,0.049,0.947,0.928,0.04,0.836,19.86,4.98,0.572,1.66
89,0,1.686,0.841,34.434,1.991,1.546,-0.162,4.1,8.65,1.471,0.965,0.7957,920.114,0.719,8.187,4.288,4.617,1.541,1.252,0.05,0.956,0.936,0.047,0.84,19.682,4.98,0.556,1.66
90,0,1.697,0.83,35.571,1.996,1.553,-0.179,4.1,8.65,1.436,0.959,0.7535,1091.455,0.995,8.192,4.647,4.54,1.541,1.247,0.047,0.775,0.917,0.039,0.862,19.451,4.98,0.546,1.66
91,0,1.709,0.853,33.059,2.049,1.607,-0.184,4.1,8.65,1.455,0.963,0.8144,900.473,1.058,8.179,4.363,4.535,1.541,1.252,0.05,0.853,0.921,0.054,0.844,19.305,4.98,0.549,1.66
92,0,1.656,0.861,39.69,2.05,1.699,-0.132,4.1,8.65,1.381,0.958,0.5873,2229.161,1.727,8.28,4.847,4.367,1.59,1.298,0.034,0.788,0.917,0.043,0.841,17.001,4.98,0.525,1.66
93,0,1.697,1.188,37.709,2.052,1.696,-0.173,4.1,8.65,1.38,0.957,0.5959,2193.568,1.765,8.274,5.013,4.483,1.541,1.298,0.034,0.798,0.881,0.048,0.838,20.983,4.98,0.525,1.66
94,0,1.684,0.887,36.019,1.924,1.505,-0.168,4.1,8.65,1.475,0.949,0.7163,961.095,-0.238,8.166,3.965,4.43,1.538,1.207,0.051,1.076,0.937,0.034,0.84,19.691,4.98,0.578,1.66
96,0,1.738,1.316,33.081,2.115,1.732,-0.187,4.1,8.65,1.383,1.022,0.755,1383.096,1.765,8.208,5.426,4.465,1.538,1.317,0.043,0.836,0.95,0.067,0.852,19.445,4.982,0.521,1.66
97,0,1.738,1.316,33.081,2.115,1.732,-0.187,4.1,8.65,1.383,1.022,0.755,1383.096,1.765,8.208,5.426,4.465,1.538,1.317,0.043,0.836,0.95,0.067,0.852,19.445,4.982,0.521,1.66
98,0,1.678,0.515,28.895,1.946,1.44,-0.159,2.92,8.06,1.427,0.999,1.05,569.689,0.864,7.331,4.013,6.88,1.518,1.226,0.053,0.836,1.035,0.068,0.803,15.662,5.175,0.569,1.55
99,0,1.594,0.343,34.156,1.872,1.495,-0.142,2.92,8.06,1.46,1.014,0.776,986.296,0.283,7.478,3.674,4.328,1.567,1.198,0.041,1.054,1.009,0.037,0.83,13.8,5.175,0.566,1.55
100,0,1.631,0.287,32.012,1.98,1.647,-0.163,2.92,8.06,1.425,1.013,0.8015,953.837,1.093,7.457,3.836,4.322,1.567,1.236,0.042,0.991,1.006,0.07,0.838,13.044,5.175,0.548,1.55
101,0,1.681,0.45,30.256,1.984,1.644,-0.212,2.92,8.06,1.422,1.01,0.8161,935.658,1.163,7.45,4.003,4.426,1.518,1.235,0.042,0.959,0.966,0.078,0.835,16.168,5.175,0.547,1.55
102,0,1.596,0.351,35.279,1.869,1.433,-0.135,2.92,8.06,1.447,0.966,0.7717,885.883,0.283,7.405,3.598,4.367,1.567,1.147,0.044,1.008,1.017,0.044,0.814,13.835,5.175,0.583,1.55
103,0,1.589,0.35,33.558,1.903,1.494,-0.132,2.92,8.06,1.456,0.989,0.8185,829.71,0.768,7.44,3.686,4.423,1.567,1.189,0.045,0.963,1.017,0.051,0.826,13.318,5.175,0.559,1.55
104,0,1.602,0.282,34.695,1.906,1.502,-0.154,2.92,8.06,1.42,0.982,0.77,993.869,1.032,7.45,4.04,4.371,1.567,1.18,0.042,0.653,0.999,0.041,0.848,13.022,5.175,0.549,1.55
105,0,1.647,0.765,32.674,2.001,1.654,-0.168,2.92,8.06,1.373,1.039,0.7629,1253.699,1.782,7.495,4.804,4.307,1.565,1.245,0.038,0.742,1.043,0.076,0.845,12.92,5.176,0.521,1.55
106,0,1.629,0.293,32.183,1.965,1.555,-0.165,2.92,8.06,1.439,0.986,0.8397,810.297,1.093,7.424,3.76,4.367,1.567,1.191,0.045,0.745,1.002,0.061,0.829,12.887,5.175,0.551,1.55
107,0,1.629,0.293,32.183,1.965,1.555,-0.165,2.92,8.06,1.439,0.986,0.8397,810.297,1.093,7.424,3.76,4.367,1.567,1.191,0.045,0.745,1.002,0.061,0.829,12.887,5.175,0.551,1.55
108,0,1.679,0.46,30.427,1.969,1.552,-0.214,2.92,8.06,1.436,0.983,0.8555,794.142,1.163,7.417,3.927,4.492,1.518,1.19,0.045,0.757,0.962,0.069,0.826,16.007,5.175,0.55,1.55
109,0,1.643,0.833,35.559,1.94,1.617,-0.199,2.92,8.06,1.369,0.973,0.6245,1934.831,1.818,7.619,4.591,4.429,1.518,1.224,0.03,0.72,0.925,0.056,0.831,17.784,5.175,0.524,1.55
110,0,1.654,0.293,30.119,1.928,1.479,-0.159,2.92,8.06,1.455,1.046,1.0272,538.849,0.599,7.333,3.775,4.441,1.57,1.217,0.054,0.853,1.051,0.048,0.84,12.242,5.175,0.57,1.55
111,0,1.629,0.373,31.04,1.96,1.429,-0.107,2.92,8.06,1.419,1.005,1.0473,616.06,0.974,7.36,4.078,4.599,1.57,1.23,0.05,0.769,1.068,0.07,0.803,12.719,5.175,0.564,1.55
112,0,1.639,0.288,31.648,1.953,1.528,-0.161,2.92,8.06,1.411,1.017,0.8532,814.46,1.073,7.392,3.988,4.426,1.57,1.216,0.045,0.81,1.014,0.072,0.833,12.841,5.175,0.552,1.55
113,0,1.596,0.319,34.549,1.887,1.48,-0.141,2.92,8.06,1.449,1.015,0.7947,1022.136,0.599,7.496,3.907,4.428,1.57,1.2,0.039,0.851,1.0,0.046,0.827,14.015,5.175,0.561,1.55
114,0,1.633,0.334,32.405,1.995,1.623,-0.161,2.92,8.06,1.416,1.019,0.8198,989.352,1.246,7.475,4.069,4.422,1.57,1.238,0.04,0.903,1.002,0.08,0.834,13.218,5.175,0.543,1.55
115,0,1.657,0.832,32.586,2.042,1.649,-0.164,2.92,8.06,1.362,1.055,0.7894,1308.248,1.862,7.502,5.045,4.407,1.567,1.26,0.037,0.759,1.036,0.087,0.834,13.194,5.176,0.519,1.55
116,0,1.632,0.347,32.576,1.982,1.535,-0.163,2.92,8.06,1.428,0.993,0.8568,844.271,1.246,7.443,3.992,4.466,1.57,1.194,0.043,0.712,0.998,0.071,0.826,13.056,5.175,0.547,1.55
117,0,1.601,0.695,37.226,1.965,1.615,-0.148,2.92,8.06,1.362,0.988,0.6344,2026.962,1.862,7.632,4.663,4.424,1.57,1.233,0.029,0.717,0.958,0.057,0.825,15.032,5.175,0.523,1.55
118,0,1.65,0.896,35.471,1.969,1.612,-0.196,2.92,8.06,1.36,0.986,0.6263,2069.166,1.895,7.626,4.8,4.544,1.522,1.233,0.029,0.733,0.922,0.064,0.823,18.199,5.175,0.523,1.55
119,0,1.666,0.353,25.682,2.081,1.296,-0.197,4.28,7.11,1.412,1.079,1.0438,487.823,1.093,7.006,3.647,4.351,1.546,1.191,0.052,1.011,1.084,0.127,0.844,10.458,5.236,0.548,1.83
120,0,1.723,0.533,24.112,2.086,1.289,-0.253,4.28,7.11,1.408,1.076,1.07,475.491,1.163,6.998,3.814,4.457,1.499,1.189,0.053,0.979,1.038,0.142,0.839,13.152,5.236,0.547,1.83
121,0,1.587,0.394,28.742,1.892,1.401,-0.107,4.28,7.11,1.415,1.011,1.0263,583.488,0.768,7.075,3.647,4.723,1.548,1.185,0.046,0.846,1.087,0.071,0.795,11.628,5.237,0.567,1.83
122,0,1.607,0.265,29.355,1.891,1.499,-0.172,4.28,7.11,1.406,1.019,0.8334,780.247,0.888,7.117,3.557,4.377,1.548,1.177,0.042,0.893,1.03,0.074,0.826,11.716,5.236,0.554,1.83
123,0,1.606,0.457,30.672,1.826,1.449,-0.199,4.28,7.11,1.444,1.018,0.7897,968.168,0.435,7.246,3.641,6.709,1.552,1.156,0.036,0.959,0.981,0.05,0.819,15.778,5.236,0.563,1.83
124,0,1.557,0.351,33.379,1.817,1.392,-0.139,4.28,7.11,1.433,0.973,0.7717,885.883,0.283,7.16,3.399,4.424,1.548,1.106,0.039,1.008,1.027,0.05,0.805,13.083,5.236,0.58,1.83
125,0,1.552,0.35,31.657,1.855,1.45,-0.135,4.28,7.11,1.442,0.996,0.8185,829.71,0.768,7.204,3.487,4.496,1.548,1.153,0.039,0.963,1.027,0.059,0.816,12.411,5.237,0.557,1.83
126,0,1.626,0.434,30.93,1.877,1.445,-0.209,4.28,7.11,1.404,0.973,0.8032,958.402,1.107,7.2,4.002,4.564,1.5,1.137,0.037,0.675,0.973,0.058,0.827,15.038,5.236,0.552,1.83
127,0,1.658,0.46,28.699,1.926,1.504,-0.23,4.28,7.11,1.423,0.991,0.8555,794.142,1.163,7.177,3.728,4.555,1.5,1.154,0.04,0.757,0.973,0.081,0.816,14.697,5.237,0.548,1.83
128,0,1.658,0.46,28.699,1.926,1.504,-0.23,4.28,7.11,1.423,0.991,0.8555,794.142,1.163,7.177,3.728,4.555,1.5,1.154,0.04,0.757,0.973,0.081,0.816,14.697,5.237,0.548,1.83
129,0,1.609,0.833,33.831,1.886,1.564,-0.211,4.28,7.11,1.36,0.982,0.6245,1934.831,1.818,7.428,4.382,4.482,1.5,1.186,0.027,0.72,0.938,0.063,0.824,16.58,5.236,0.522,1.83
130,0,1.553,0.343,32.713,1.802,1.441,-0.147,4.28,7.11,1.44,1.021,0.8083,942.168,0.283,7.253,3.53,5.104,1.562,1.157,0.036,1.054,1.019,0.039,0.822,12.984,5.237,0.564,1.83
131,0,1.606,0.457,31.129,1.808,1.438,-0.199,4.28,7.11,1.438,1.018,0.8231,924.01,0.435,7.246,3.697,7.034,1.562,1.156,0.036,0.959,0.981,0.048,0.819,15.778,5.237,0.563,1.83
132,0,1.557,0.634,35.415,1.88,1.567,-0.16,4.28,7.11,1.362,0.983,0.6165,1961.953,1.782,7.433,4.215,4.374,1.548,1.186,0.026,0.704,0.975,0.055,0.826,13.793,5.236,0.523,1.83
133,0,1.609,0.833,33.831,1.886,1.564,-0.211,4.28,7.11,1.36,0.982,0.6245,1934.831,1.818,7.428,4.382,4.482,1.5,1.186,0.027,0.72,0.938,0.063,0.824,16.58,5.236,0.522,1.83
134,0,1.622,0.293,28.218,1.884,1.438,-0.166,4.28,7.11,1.439,1.053,1.0272,538.849,0.599,7.066,3.578,4.498,1.551,1.177,0.048,0.853,1.062,0.058,0.828,11.275,5.237,0.566,1.83
135,0,1.678,0.409,26.636,1.889,1.435,-0.221,4.28,7.11,1.435,1.049,1.0513,526.446,0.712,7.059,3.744,4.624,1.504,1.177,0.048,0.838,1.019,0.067,0.825,14.03,5.237,0.565,1.83
136,0,1.67,0.415,26.075,2.102,1.272,-0.194,4.28,7.11,1.4,1.092,1.0608,519.857,1.246,7.035,3.875,4.458,1.549,1.195,0.049,0.928,1.084,0.139,0.838,10.578,5.236,0.542,1.83
137,0,1.728,0.604,24.507,2.108,1.265,-0.251,4.28,7.11,1.397,1.089,1.0865,507.413,1.306,7.027,4.042,4.579,1.503,1.194,0.05,0.923,1.039,0.153,0.834,13.283,5.236,0.541,1.83
138,0,1.646,0.513,27.557,1.917,1.385,-0.161,4.28,7.11,1.401,1.01,1.0706,602.21,1.053,7.094,4.041,6.147,1.504,1.187,0.044,0.781,1.037,0.088,0.789,14.6,5.237,0.56,1.83
139,0,1.664,0.452,28.166,1.914,1.476,-0.224,4.28,7.11,1.394,1.022,0.8693,798.8,1.145,7.136,3.952,4.607,1.504,1.178,0.04,0.813,0.985,0.094,0.82,14.671,5.236,0.548,1.83
140,0,1.664,0.452,28.166,1.914,1.476,-0.224,4.28,7.11,1.394,1.022,0.8693,798.8,1.145,7.136,3.952,4.607,1.504,1.178,0.04,0.813,0.985,0.094,0.82,14.671,5.236,0.548,1.83
141,0,1.554,0.319,32.648,1.834,1.435,-0.146,4.28,7.11,1.437,1.022,0.7947,1022.136,0.599,7.275,3.702,4.485,1.552,1.156,0.034,0.851,1.011,0.053,0.819,13.22,5.236,0.559,1.83
142,0,1.607,0.435,31.066,1.84,1.433,-0.197,4.28,7.11,1.434,1.019,0.8083,1004.071,0.712,7.269,3.869,6.715,1.552,1.156,0.035,0.836,0.973,0.06,0.816,16.019,5.236,0.558,1.83
143,0,1.55,0.321,34.03,1.817,1.388,-0.141,4.28,7.11,1.423,0.983,0.7716,939.066,0.599,7.195,3.628,4.529,1.551,1.11,0.037,0.813,1.011,0.057,0.81,13.132,5.236,0.567,1.83
144,0,1.55,0.321,34.03,1.817,1.388,-0.141,4.28,7.11,1.423,0.983,0.7716,939.066,0.599,7.195,3.628,4.529,1.551,1.11,0.037,0.813,1.011,0.057,0.81,13.132,5.236,0.567,1.83
145,0,1.604,0.436,32.448,1.823,1.386,-0.192,4.28,7.11,1.421,0.979,0.7846,922.835,0.712,7.189,3.795,4.677,1.504,1.109,0.037,0.799,0.973,0.065,0.808,15.937,5.236,0.566,1.83
146,0,1.661,0.521,29.094,1.942,1.484,-0.229,4.28,7.11,1.413,0.998,0.8725,828.116,1.306,7.201,3.956,4.673,1.504,1.156,0.038,0.73,0.97,0.091,0.813,14.897,5.237,0.543,1.83
147,0,1.636,0.29,27.541,2.015,1.585,-0.177,4.28,7.11,1.433,1.105,0.9349,801.708,0.599,7.157,3.759,4.481,1.551,1.239,0.04,0.903,1.068,0.067,0.847,11.544,5.236,0.556,1.83
148,0,1.614,0.896,33.743,1.912,1.557,-0.207,4.28,7.11,1.352,0.995,0.6263,2069.166,1.895,7.436,4.588,4.603,1.504,1.192,0.026,0.733,0.934,0.073,0.816,17.037,5.236,0.521,1.83
149,0,1.553,0.343,32.255,1.82,1.451,-0.147,4.28,7.11,1.447,1.021,0.776,986.296,0.283,7.252,3.475,4.379,1.552,1.157,0.036,1.054,1.019,0.042,0.822,12.984,5.236,0.564,1.83
150,0,1.601,0.287,30.112,1.93,1.591,-0.173,4.28,7.11,1.412,1.021,0.8015,953.837,1.093,7.225,3.636,4.372,1.548,1.202,0.037,0.991,1.017,0.084,0.828,12.102,5.236,0.545,1.83
151,0,1.656,0.45,28.528,1.935,1.588,-0.227,4.28,7.11,1.409,1.018,0.8161,935.658,1.163,7.219,3.803,4.478,1.5,1.201,0.037,0.959,0.977,0.093,0.825,14.861,5.236,0.544,1.83
152,0,1.641,0.159,24.862,1.817,1.406,-0.234,4.39,6.61,1.434,1.067,1.0757,471.576,0.64,6.84,3.324,4.556,1.489,1.131,0.045,0.875,1.06,0.065,0.818,12.706,5.45,0.57,1.88
153,0,1.645,0.226,24.188,2.038,1.251,-0.211,4.39,6.61,1.396,1.103,1.0898,463.61,1.204,6.808,3.455,4.4,1.528,1.15,0.047,0.972,1.121,0.146,0.831,9.483,5.45,0.545,1.88
154,0,1.539,0.212,27.221,1.834,1.355,-0.104,4.39,6.61,1.4,1.037,1.0692,555.832,0.919,6.891,3.448,5.543,1.529,1.138,0.041,0.741,1.119,0.08,0.785,10.893,5.45,0.565,1.88
155,0,1.503,0.148,30.739,1.759,1.402,-0.151,4.39,6.61,1.436,1.044,0.8023,948.59,0.518,7.101,3.275,4.428,1.552,1.11,0.032,0.932,1.053,0.047,0.814,12.321,5.45,0.562,1.88
156,0,1.565,0.143,28.595,1.869,1.526,-0.183,4.39,6.61,1.401,1.047,0.8295,916.053,1.204,7.069,3.437,4.42,1.529,1.163,0.033,0.941,1.054,0.098,0.82,11.326,5.45,0.543,1.88
157,0,1.573,0.202,28.447,1.817,1.391,-0.191,4.39,6.61,1.426,1.006,0.8835,766.831,1.002,7.024,3.453,4.882,1.484,1.11,0.036,0.856,1.027,0.074,0.796,14.25,5.45,0.561,1.88
158,0,1.586,0.675,29.253,1.897,1.535,-0.191,4.39,6.61,1.352,1.077,0.7868,1209.073,1.839,7.124,4.384,4.405,1.527,1.174,0.03,0.722,1.096,0.106,0.827,11.125,5.451,0.517,1.88
159,0,1.571,0.152,28.766,1.866,1.452,-0.189,4.39,6.61,1.413,1.019,0.8702,776.557,1.204,7.02,3.362,4.479,1.529,1.114,0.036,0.669,1.05,0.083,0.81,11.165,5.45,0.547,1.88
160,0,1.566,0.64,32.451,1.822,1.504,-0.22,4.39,6.61,1.353,1.011,0.6402,1880.259,1.873,7.303,4.172,4.533,1.483,1.144,0.024,0.699,0.977,0.071,0.817,15.554,5.45,0.52,1.88
161,0,1.503,0.148,31.196,1.736,1.39,-0.151,4.39,6.61,1.429,1.044,0.8369,904.434,0.518,7.101,3.326,7.061,1.562,1.11,0.032,0.932,1.053,0.044,0.814,12.321,5.45,0.562,1.88
162,0,1.559,0.178,29.75,1.744,1.387,-0.205,4.39,6.61,1.427,1.04,0.8512,888.532,0.64,7.096,3.493,7.029,1.562,1.11,0.032,0.872,1.015,0.054,0.811,14.786,5.45,0.561,1.88
163,0,1.582,0.107,26.701,1.83,1.39,-0.172,4.39,6.61,1.424,1.076,1.0672,515.182,0.776,6.881,3.381,4.554,1.532,1.132,0.042,0.762,1.097,0.069,0.818,10.496,5.45,0.564,1.88
164,0,1.643,0.14,25.256,1.838,1.387,-0.231,4.39,6.61,1.421,1.073,1.0911,504.175,0.871,6.874,3.547,4.683,1.489,1.132,0.043,0.771,1.055,0.079,0.814,12.927,5.45,0.563,1.88
165,0,1.648,0.296,24.581,2.059,1.226,-0.208,4.39,6.61,1.385,1.117,1.1035,496.173,1.342,6.843,3.678,4.513,1.531,1.152,0.044,0.894,1.122,0.16,0.826,9.639,5.45,0.539,1.88
166,0,1.711,0.406,23.149,2.066,1.219,-0.27,4.39,6.61,1.382,1.114,1.1291,485.123,1.397,6.835,3.845,4.636,1.486,1.152,0.044,0.896,1.077,0.176,0.822,12.02,5.45,0.538,1.88
167,0,1.711,0.406,23.149,2.066,1.219,-0.27,4.39,6.61,1.382,1.114,1.1291,485.123,1.397,6.835,3.845,4.636,1.486,1.152,0.044,0.896,1.077,0.176,0.822,12.02,5.45,0.538,1.88
168,0,1.601,0.279,26.173,1.861,1.337,-0.162,4.39,6.61,1.387,1.037,1.1106,576.738,1.168,6.916,3.838,5.931,1.496,1.138,0.04,0.722,1.071,0.099,0.78,13.562,5.45,0.557,1.88
169,0,1.503,0.13,31.131,1.773,1.385,-0.149,4.39,6.61,1.426,1.045,0.8199,985.082,0.776,7.127,3.498,4.54,1.552,1.108,0.031,0.76,1.046,0.059,0.811,12.574,5.45,0.557,1.88
170,0,1.559,0.162,29.687,1.78,1.383,-0.203,4.39,6.61,1.424,1.042,0.8331,969.256,0.871,7.121,3.665,6.715,1.552,1.108,0.031,0.769,1.008,0.068,0.809,15.043,5.45,0.556,1.88
171,0,1.579,0.271,30.226,1.818,1.383,-0.219,4.39,6.61,1.386,1.02,0.8264,976.77,1.353,7.08,4.024,4.754,1.488,1.094,0.032,0.63,1.006,0.082,0.824,14.004,5.45,0.539,1.88
172,0,1.573,0.213,29.159,1.881,1.43,-0.187,4.39,6.61,1.404,1.026,0.8859,811.14,1.342,7.049,3.585,4.59,1.532,1.114,0.034,0.654,1.047,0.096,0.807,11.379,5.45,0.542,1.88
173,0,1.652,0.14,24.58,1.959,1.519,-0.243,4.39,6.61,1.418,1.127,0.9831,758.15,0.871,6.983,3.725,4.662,1.488,1.187,0.036,0.818,1.063,0.092,0.834,13.136,5.45,0.553,1.88
174,0,1.58,0.127,26.309,1.81,1.409,-0.175,4.39,6.61,1.437,1.071,1.0513,482.482,0.518,6.847,3.157,4.442,1.529,1.131,0.045,0.944,1.103,0.055,0.821,10.282,5.45,0.571,1.88
175,0,1.539,0.212,27.221,1.834,1.355,-0.104,4.39,6.61,1.4,1.037,1.0692,555.832,0.919,6.891,3.448,5.543,1.529,1.138,0.041,0.741,1.119,0.08,0.785,10.893,5.45,0.565,1.88
176,0,1.512,0.66,28.161,1.708,1.353,-0.208,4.44,6.59,1.425,1.039,0.767,1001.921,0.19,7.007,3.241,6.709,1.552,1.068,0.029,1.041,1.012,0.06,0.805,14.06,5.433,0.559,1.91
177,0,1.513,0.663,29.543,1.696,1.308,-0.203,4.44,6.59,1.41,0.997,0.7443,917.927,0.19,6.902,3.169,4.693,1.468,1.026,0.031,0.995,1.012,0.067,0.796,14.026,5.433,0.568,1.91
178,0,1.541,0.603,28.419,1.755,1.343,-0.221,4.44,6.59,1.384,0.997,0.7807,991.256,0.989,6.947,3.597,4.699,1.468,1.046,0.03,0.729,1.008,0.075,0.811,13.221,5.433,0.548,1.91
179,0,1.605,0.607,24.125,1.786,1.34,-0.238,4.44,6.59,1.409,1.071,1.0169,547.624,0.532,6.762,3.35,5.725,1.489,1.09,0.039,0.909,1.052,0.089,0.806,12.13,5.433,0.56,1.91
180,0,1.555,0.686,25.038,1.805,1.291,-0.159,4.44,6.59,1.377,1.035,1.036,626.444,0.928,6.81,3.634,5.931,1.496,1.093,0.036,0.847,1.069,0.108,0.773,12.809,5.433,0.555,1.91
181,0,1.588,0.666,26.412,1.832,1.433,-0.247,4.44,6.59,1.382,1.048,0.811,1004.465,1.211,7.002,3.622,4.712,1.472,1.123,0.029,0.939,1.009,0.137,0.807,13.184,5.433,0.537,1.91
182,0,1.524,1.036,31.233,1.781,1.437,-0.221,4.44,6.59,1.339,1.022,0.6287,2051.4,1.843,7.242,4.187,4.715,1.472,1.106,0.021,0.76,0.971,0.087,0.804,15.313,5.433,0.518,1.91
183,0,1.609,0.603,23.449,1.897,1.459,-0.25,4.44,6.59,1.409,1.125,0.9259,813.682,0.532,6.883,3.525,4.717,1.472,1.139,0.032,0.964,1.06,0.105,0.827,12.293,5.433,0.551,1.91
184,0,1.524,1.036,31.233,1.781,1.437,-0.221,4.44,6.59,1.338,1.022,0.6134,2120.229,1.843,7.242,4.162,4.715,1.472,1.106,0.021,0.76,0.971,0.087,0.804,15.313,5.433,0.518,1.91
185,0,1.601,0.623,26.188,1.821,1.396,-0.259,4.44,6.59,1.402,1.014,0.8292,824.355,1.052,6.918,3.33,4.683,1.468,1.077,0.032,0.821,1.007,0.104,0.8,12.779,5.433,0.544,1.91
186,0,1.715,1.451,45.213,2.076,1.762,-0.151,3.49,6.53,1.417,0.898,0.5323,2334.811,1.285,9.586,5.22,4.263,1.58,1.334,0.052,0.887,0.826,0.026,0.869,25.138,4.723,0.532,1.9
189,0,1.555,0.576,23.179,1.72,1.285,-0.243,3.49,6.53,1.399,1.105,1.0226,543.996,0.565,6.675,3.153,5.725,1.489,1.04,0.035,0.898,1.105,0.099,0.798,11.385,5.782,0.559,1.9
190,0,1.662,0.729,21.106,1.965,1.12,-0.303,3.49,6.53,1.36,1.148,1.0559,524.976,1.228,6.628,3.451,4.742,1.457,1.061,0.037,0.954,1.13,0.22,0.804,10.232,5.782,0.534,1.9
192,0,1.541,0.641,25.465,1.759,1.356,-0.256,3.49,6.53,1.374,1.086,0.8149,998.777,1.228,6.934,3.418,4.764,1.458,1.079,0.026,0.932,1.064,0.154,0.801,12.427,5.782,0.535,1.9
194,0,1.552,0.573,22.502,1.82,1.386,-0.255,3.49,6.53,1.4,1.163,0.9303,809.043,0.565,6.807,3.324,4.768,1.458,1.082,0.029,0.952,1.115,0.118,0.82,11.498,5.782,0.549,1.9
195,0,1.576,0.493,22.886,1.813,1.328,-0.162,1.35,6.59,1.391,1.084,1.0539,567.215,0.878,6.818,3.017,5.916,1.496,1.115,0.032,0.828,1.142,0.092,0.778,12.883,5.917,0.558,1.65
196,0,1.534,0.433,26.409,1.734,1.374,-0.207,1.35,6.59,1.429,1.084,0.7921,964.794,0.456,7.042,2.842,6.709,1.552,1.087,0.024,0.95,1.081,0.058,0.808,14.366,5.917,0.557,1.65
197,0,1.605,0.431,24.266,1.845,1.489,-0.246,1.35,6.59,1.394,1.092,0.8186,932.277,1.173,7.008,3.004,4.668,1.44,1.143,0.025,0.954,1.085,0.116,0.813,13.288,5.917,0.538,1.65
198,0,1.614,0.441,24.437,1.845,1.42,-0.253,1.35,6.59,1.405,1.062,0.8582,791.122,1.173,6.956,2.932,4.817,1.44,1.094,0.027,0.75,1.079,0.099,0.803,13.122,5.917,0.541,1.65
199,0,1.543,0.817,29.569,1.787,1.473,-0.224,1.35,6.59,1.349,1.065,0.6259,1929.628,1.823,7.26,3.544,4.671,1.44,1.123,0.018,0.718,1.053,0.074,0.814,15.115,5.917,0.517,1.65
200,0,1.476,0.326,28.032,1.701,1.363,-0.152,1.35,6.59,1.424,1.087,0.811,938.55,0.308,7.048,2.716,7.029,1.562,1.086,0.024,1.043,1.119,0.046,0.81,12.047,5.917,0.558,1.65
1,1,1.716,0.99,41.317,2.063,1.557,-0.1,4.85,10.63,1.517,0.934,0.8007,788.323,-0.872,9.556,4.444,4.234,1.634,1.346,0.089,1.214,0.994,0.028,0.862,18.931,4.724,0.586,1.54
2,1,1.691,0.971,44.801,2.003,1.615,-0.116,4.85,10.63,1.528,0.957,0.6301,1265.089,-1.169,9.572,4.274,4.173,1.633,1.319,0.069,1.348,0.924,0.015,0.876,19.384,4.724,0.578,1.54
3,1,1.717,1.178,40.081,2.075,1.681,-0.157,4.85,10.63,1.509,0.918,0.6926,1027.625,-0.297,9.56,4.524,4.303,1.58,1.292,0.077,1.038,0.869,0.028,0.879,24.209,4.724,0.563,1.54
4,1,1.715,1.451,45.213,2.076,1.762,-0.151,4.85,10.63,1.417,0.898,0.5323,2334.811,1.285,9.586,5.22,4.263,1.58,1.334,0.052,0.887,0.826,0.026,0.869,25.138,4.723,0.532,1.54
5,1,1.699,0.786,43.05,2.118,1.775,-0.123,4.85,10.63,1.48,0.951,0.6701,1264.44,-0.068,9.572,4.682,4.249,1.635,1.343,0.068,1.132,0.905,0.032,0.883,19.321,4.724,0.555,1.54
6,1,1.688,0.782,45.733,2.045,1.61,-0.122,4.85,10.63,1.476,0.922,0.6538,1299.94,-0.22,9.571,4.896,4.282,1.635,1.301,0.068,0.913,0.899,0.018,0.893,19.354,4.723,0.556,1.54
7,1,1.719,1.132,43.242,2.163,1.802,-0.124,4.85,10.63,1.419,0.977,0.658,1633.396,1.358,9.575,5.689,4.235,1.633,1.366,0.063,0.919,0.927,0.037,0.882,19.299,4.725,0.53,1.54
8,1,1.693,1.046,47.871,2.113,1.766,-0.114,4.85,10.63,1.408,0.914,0.5419,2450.578,1.358,9.592,5.304,4.252,1.635,1.353,0.05,0.888,0.857,0.028,0.862,20.193,4.723,0.531,1.54
9,1,1.75,0.892,40.087,2.192,1.78,-0.133,4.85,10.63,1.522,1.03,0.7633,1026.583,-1.003,9.563,4.561,4.251,1.635,1.409,0.077,1.257,0.96,0.015,0.911,19.403,4.723,0.572,1.54
10,1,1.716,0.956,40.371,2.012,1.604,-0.129,4.85,10.63,1.566,0.984,0.7841,686.026,-1.169,9.553,4.12,4.184,1.633,1.319,0.096,1.347,0.969,0.008,0.907,19.105,4.724,0.594,1.54
11,1,1.693,0.801,42.657,2.101,1.796,-0.124,4.85,10.63,1.493,0.946,0.6469,1233.126,-0.447,9.57,4.436,4.168,1.633,1.335,0.071,1.213,0.911,0.026,0.888,19.322,4.724,0.56,1.54
12,1,1.673,0.952,44.203,2.021,1.615,-0.11,4.85,10.63,1.53,0.93,0.66,1079.509,-0.872,9.568,4.283,4.228,1.633,1.293,0.075,1.226,0.931,0.02,0.876,19.481,4.724,0.572,1.54
13,1,1.683,0.793,45.341,2.027,1.622,-0.123,4.85,10.63,1.489,0.916,0.6307,1268.277,-0.553,9.569,4.65,4.201,1.633,1.293,0.071,0.949,0.904,0.012,0.898,19.362,4.723,0.561,1.54
14,1,1.727,1.18,42.312,2.055,1.614,-0.155,4.85,10.63,1.486,0.896,0.6628,1210.644,-0.42,9.562,4.814,4.306,1.58,1.297,0.072,0.939,0.868,0.017,0.886,24.269,4.723,0.566,1.54
15,1,1.736,1.546,40.594,2.113,1.796,-0.161,4.85,10.63,1.43,0.959,0.6429,1540.12,1.285,9.569,5.602,4.245,1.578,1.339,0.065,0.913,0.892,0.034,0.893,24.424,4.725,0.53,1.54
16,1,1.725,1.343,42.511,1.998,1.609,-0.15,4.85,10.63,1.518,0.953,0.6693,1184.821,-1.099,9.567,4.51,4.327,1.58,1.318,0.069,1.256,0.886,0.016,0.873,24.445,4.724,0.577,1.54
17,1,1.721,0.997,34.77,2.014,1.637,-0.178,5.31,9.83,1.462,0.973,0.7478,890.526,0.175,8.493,4.32,4.321,1.558,1.283,0.065,1.072,0.927,0.041,0.865,20.318,4.912,0.564,1.63
18,1,1.665,0.797,39.963,1.967,1.579,-0.126,5.31,9.83,1.499,0.983,0.6846,1144.822,-0.756,8.535,4.074,4.225,1.61,1.282,0.056,1.3,0.962,0.023,0.857,16.747,4.912,0.573,1.63
19,1,1.695,1.104,39.052,1.942,1.522,-0.162,5.31,9.83,1.486,0.941,0.6822,1019.713,-0.648,8.507,4.164,4.366,1.558,1.223,0.061,1.142,0.925,0.03,0.847,20.828,4.912,0.582,1.63
20,1,1.701,1.096,36.825,2.014,1.571,-0.156,5.31,9.83,1.494,0.94,0.7531,928.554,-0.081,8.512,4.248,4.427,1.558,1.264,0.062,1.111,0.937,0.036,0.842,20.736,4.913,0.573,1.63
21,1,1.711,0.97,37.928,2.02,1.577,-0.171,5.31,9.83,1.456,0.927,0.7155,1101.814,0.45,8.516,4.611,4.369,1.558,1.261,0.058,0.866,0.91,0.028,0.865,20.596,4.912,0.561,1.63
22,1,1.729,1.389,36.204,2.083,1.754,-0.181,5.31,9.83,1.404,0.995,0.693,1407.517,1.548,8.535,5.391,4.301,1.556,1.31,0.053,0.865,0.941,0.05,0.871,20.593,4.914,0.526,1.63
23,1,1.729,1.389,36.204,2.083,1.754,-0.181,5.31,9.83,1.404,0.995,0.693,1407.517,1.548,8.535,5.391,4.301,1.556,1.31,0.053,0.865,0.941,0.05,0.871,20.593,4.914,0.526,1.63
24,1,1.669,0.642,37.99,2.044,1.645,-0.137,5.31,9.83,1.481,0.951,0.735,952.426,0.422,8.517,4.158,4.255,1.61,1.261,0.062,0.995,0.951,0.036,0.86,16.24,4.913,0.559,1.63
25,1,1.709,0.979,35.697,2.046,1.643,-0.177,5.31,9.83,1.478,0.947,0.7531,926.779,0.555,8.51,4.325,4.366,1.558,1.261,0.062,0.967,0.911,0.041,0.857,20.455,4.913,0.558,1.63
26,1,1.697,1.28,40.829,2.038,1.719,-0.168,5.31,9.83,1.397,0.932,0.5679,2162.488,1.548,8.583,5.01,4.319,1.558,1.3,0.042,0.835,0.87,0.036,0.853,21.803,4.912,0.528,1.63
27,1,1.727,0.765,34.856,2.141,1.763,-0.148,5.31,9.83,1.505,1.058,0.7974,897.415,-0.756,8.503,4.119,4.222,1.61,1.366,0.065,1.377,1.012,0.02,0.894,16.163,4.912,0.572,1.63
28,1,1.665,0.797,40.42,1.958,1.574,-0.126,5.31,9.83,1.492,0.983,0.7097,1100.98,-0.756,8.535,4.14,4.262,1.61,1.282,0.056,1.3,0.962,0.02,0.857,16.747,4.912,0.573,1.63
29,1,1.665,0.797,40.42,1.958,1.574,-0.126,5.31,9.83,1.492,0.983,0.7097,1100.98,-0.756,8.535,4.14,4.262,1.61,1.282,0.056,1.3,0.962,0.02,0.857,16.747,4.912,0.573,1.63
30,1,1.705,1.099,38.128,1.96,1.572,-0.166,5.31,9.83,1.489,0.979,0.7268,1072.248,-0.648,8.529,4.307,4.474,1.562,1.281,0.056,1.195,0.923,0.025,0.854,21.004,4.912,0.572,1.63
31,1,1.658,0.895,43.122,2.036,1.721,-0.129,5.31,9.83,1.398,0.933,0.558,2205.581,1.501,8.589,4.844,4.222,1.61,1.3,0.042,0.83,0.907,0.032,0.855,17.537,4.912,0.529,1.63
32,1,1.697,1.28,40.829,2.038,1.719,-0.168,5.31,9.83,1.397,0.932,0.5679,2162.488,1.548,8.583,5.01,4.319,1.558,1.3,0.042,0.835,0.87,0.036,0.853,21.803,4.912,0.528,1.63
33,1,1.697,1.28,40.829,2.038,1.719,-0.168,5.31,9.83,1.397,0.932,0.5679,2162.488,1.548,8.583,5.01,4.319,1.558,1.3,0.042,0.835,0.87,0.036,0.853,21.803,4.912,0.528,1.63
34,1,1.746,1.035,33.634,2.008,1.555,-0.179,5.31,9.83,1.503,1.009,0.9181,619.554,-0.35,8.48,4.335,4.437,1.561,1.294,0.074,1.064,0.957,0.031,0.871,19.979,4.912,0.577,1.63
35,1,1.669,0.761,40.356,1.983,1.566,-0.125,5.31,9.83,1.486,0.983,0.7064,1178.186,-0.492,8.542,4.316,4.312,1.612,1.287,0.054,1.116,0.952,0.029,0.853,16.884,4.912,0.568,1.63
36,1,1.656,0.741,39.758,2.006,1.566,-0.117,5.31,9.83,1.485,0.959,0.7401,1003.572,0.175,8.529,4.325,4.376,1.612,1.268,0.059,1.053,0.962,0.037,0.85,16.664,4.913,0.561,1.63
37,1,1.744,1.452,36.118,2.132,1.754,-0.178,5.31,9.83,1.392,1.011,0.7222,1459.778,1.648,8.537,5.641,4.403,1.558,1.332,0.051,0.876,0.934,0.059,0.859,20.678,4.914,0.524,1.63
38,1,1.675,0.665,38.383,2.062,1.628,-0.136,5.31,9.83,1.468,0.957,0.7564,984.05,0.702,8.523,4.399,4.342,1.612,1.269,0.06,0.932,0.946,0.043,0.855,16.316,4.913,0.554,1.63
39,1,1.715,1.023,36.092,2.064,1.626,-0.176,5.31,9.83,1.466,0.953,0.7744,958.476,0.805,8.517,4.566,4.465,1.561,1.268,0.06,0.919,0.907,0.048,0.852,20.541,4.913,0.553,1.63
40,1,1.708,1.337,40.742,2.073,1.718,-0.166,5.31,9.83,1.387,0.946,0.5874,2225.122,1.648,8.585,5.257,4.42,1.561,1.315,0.041,0.84,0.867,0.043,0.844,22.074,4.912,0.527,1.63
41,1,1.708,1.337,40.742,2.073,1.718,-0.166,5.31,9.83,1.387,0.946,0.5741,2293.012,1.648,8.585,5.226,4.42,1.561,1.315,0.041,0.84,0.867,0.043,0.844,22.074,4.912,0.527,1.63
42,1,1.699,0.778,35.533,1.983,1.572,-0.141,5.31,9.83,1.525,1.01,0.8653,608.573,-0.756,8.48,3.927,4.237,1.61,1.286,0.078,1.303,1.009,0.018,0.881,15.769,4.912,0.587,1.63
43,1,1.74,1.077,33.24,1.985,1.57,-0.181,5.31,9.83,1.522,1.005,0.8916,589.415,-0.648,8.474,4.094,4.337,1.558,1.285,0.078,1.192,0.965,0.024,0.877,19.949,4.912,0.586,1.63
44,1,1.74,1.077,33.24,1.985,1.57,-0.181,5.31,9.83,1.522,1.005,0.8916,589.415,-0.648,8.474,4.094,4.337,1.558,1.285,0.078,1.192,0.965,0.024,0.877,19.949,4.912,0.586,1.63
45,1,1.703,0.664,33.285,2.167,1.408,-0.153,5.31,9.83,1.484,1.035,0.8912,589.87,0.422,8.473,4.225,4.2,1.609,1.293,0.081,1.159,1.018,0.071,0.899,15.912,4.912,0.561,1.63
46,1,1.734,1.131,34.18,2.031,1.52,-0.145,5.31,9.83,1.477,0.961,0.9084,678.335,-0.081,8.482,4.411,4.564,1.558,1.308,0.073,1.083,0.99,0.044,0.835,20.094,4.913,0.578,1.63
47,1,1.705,1.099,37.67,1.968,1.577,-0.166,5.31,9.83,1.496,0.979,0.7005,1116.177,-0.648,8.529,4.241,4.323,1.558,1.281,0.056,1.195,0.923,0.028,0.854,21.004,4.912,0.572,1.63
48,1,1.678,0.641,37.819,2.068,1.752,-0.137,5.31,9.83,1.464,0.976,0.7044,1112.662,0.422,8.528,4.236,4.219,1.61,1.305,0.058,1.161,0.954,0.041,0.867,16.384,4.912,0.554,1.63
49,1,1.665,0.81,41.086,1.963,1.515,-0.12,5.31,9.83,1.49,0.936,0.6838,1024.606,-0.756,8.511,3.995,4.255,1.61,1.227,0.061,1.25,0.971,0.028,0.841,16.6,4.912,0.59,1.63
50,1,1.695,1.104,39.052,1.942,1.522,-0.162,5.31,9.83,1.486,0.941,0.6822,1019.713,-0.648,8.507,4.164,4.366,1.558,1.223,0.061,1.142,0.925,0.03,0.847,20.828,4.912,0.582,1.63
51,1,1.662,0.636,40.502,1.994,1.587,-0.135,5.31,9.83,1.46,0.946,0.6828,1149.803,0.3,8.525,4.447,4.258,1.61,1.259,0.057,0.871,0.947,0.022,0.877,16.376,4.912,0.555,1.63
52,1,1.697,1.28,40.829,2.038,1.719,-0.168,5.31,9.83,1.397,0.932,0.5679,2162.488,1.548,8.583,5.01,4.319,1.558,1.3,0.042,0.835,0.87,0.036,0.853,21.803,4.912,0.528,1.63
53,1,1.705,0.734,35.925,2.006,1.558,-0.139,5.31,9.83,1.506,1.013,0.8919,638.796,-0.492,8.487,4.169,4.324,1.612,1.295,0.074,1.116,1.0,0.026,0.874,15.787,4.912,0.579,1.63
54,1,1.712,0.705,33.677,2.191,1.387,-0.151,5.31,9.83,1.468,1.048,0.9171,619.875,0.702,8.48,4.466,4.287,1.611,1.304,0.077,1.081,1.017,0.078,0.891,15.829,4.912,0.554,1.63
55,1,1.712,0.705,33.677,2.191,1.387,-0.151,5.31,9.83,1.468,1.048,0.9171,619.875,0.702,8.48,4.466,4.287,1.611,1.304,0.077,1.081,1.017,0.078,0.891,15.829,4.912,0.554,1.63
56,1,1.697,0.789,36.861,2.048,1.511,-0.103,5.31,9.83,1.465,0.966,0.9106,730.287,0.175,8.496,4.486,4.39,1.612,1.316,0.069,1.029,1.021,0.045,0.834,15.961,4.913,0.572,1.63
57,1,1.727,0.977,35.164,2.034,1.62,-0.176,5.31,9.83,1.45,0.978,0.7716,922.512,0.521,8.5,4.561,4.422,1.561,1.29,0.062,1.0,0.922,0.047,0.86,20.392,4.912,0.558,1.63
58,1,1.683,0.659,38.212,2.084,1.73,-0.136,5.31,9.83,1.453,0.982,0.7261,1145.642,0.702,8.534,4.477,4.307,1.612,1.311,0.055,1.073,0.949,0.048,0.862,16.467,4.912,0.55,1.63
59,1,1.707,1.004,38.604,2.013,1.571,-0.172,5.31,9.83,1.446,0.949,0.7198,1155.191,0.723,8.525,4.855,4.47,1.561,1.264,0.055,0.837,0.903,0.034,0.87,20.689,4.912,0.55,1.63
60,1,1.744,1.452,36.118,2.132,1.754,-0.178,5.31,9.83,1.392,1.011,0.7222,1459.778,1.648,8.537,5.641,4.403,1.558,1.332,0.051,0.876,0.934,0.059,0.859,20.678,4.914,0.524,1.63
61,1,1.669,0.947,43.033,2.071,1.72,-0.127,5.31,9.83,1.389,0.947,0.5776,2267.947,1.605,8.591,5.09,4.31,1.612,1.316,0.04,0.834,0.902,0.038,0.846,17.795,4.912,0.528,1.63
62,1,1.73,0.724,35.249,2.158,1.739,-0.146,5.31,9.83,1.49,1.061,0.8274,929.375,-0.492,8.51,4.36,4.309,1.612,1.371,0.062,1.182,1.003,0.028,0.888,16.184,4.912,0.566,1.63
63,1,1.772,1.028,32.958,2.16,1.736,-0.187,5.31,9.83,1.487,1.057,0.8476,905.628,-0.35,8.503,4.527,4.42,1.561,1.37,0.063,1.127,0.961,0.034,0.885,20.377,4.912,0.565,1.63
64,1,1.708,1.337,40.742,2.073,1.718,-0.166,5.31,9.83,1.387,0.946,0.5741,2293.012,1.648,8.585,5.226,4.42,1.561,1.315,0.041,0.84,0.867,0.043,0.844,22.074,4.912,0.527,1.63
67,1,1.724,0.923,31.139,2.014,1.504,-0.149,4.1,8.65,1.464,0.971,0.9654,630.04,0.444,8.131,4.212,4.936,1.538,1.291,0.061,1.004,1.002,0.05,0.826,18.823,4.98,0.573,1.66
71,1,1.64,0.637,36.022,1.971,1.562,-0.122,4.1,8.65,1.487,0.965,0.7592,908.513,0.294,8.185,3.885,4.355,1.588,1.246,0.052,1.111,0.982,0.035,0.847,15.629,4.98,0.563,1.66
73,1,1.681,0.91,35.141,2.066,1.735,-0.147,4.1,8.65,1.398,1.008,0.7131,1357.851,1.635,8.211,5.014,4.256,1.586,1.297,0.044,0.813,1.0,0.052,0.867,15.385,4.982,0.523,1.66
76,1,1.646,0.806,39.779,2.016,1.7,-0.135,4.1,8.65,1.391,0.945,0.5823,2097.446,1.635,8.277,4.634,4.273,1.588,1.284,0.035,0.781,0.922,0.036,0.85,16.702,4.98,0.526,1.66
88,1,1.644,0.598,36.415,1.989,1.548,-0.121,4.1,8.65,1.474,0.968,0.7793,941.458,0.607,8.194,4.121,4.447,1.591,1.252,0.049,0.985,0.975,0.042,0.843,15.743,4.98,0.557,1.66
95,1,1.681,0.91,35.141,2.066,1.735,-0.147,4.1,8.65,1.398,1.008,0.7131,1357.851,1.635,8.211,5.014,4.256,1.586,1.297,0.044,0.813,1.0,0.052,0.867,15.385,4.982,0.523,1.66
187,1,1.725,1.343,42.511,1.998,1.609,-0.15,3.49,6.53,1.518,0.953,0.6693,1184.821,-1.099,9.567,4.51,4.327,1.58,1.318,0.069,1.256,0.886,0.016,0.873,24.445,4.724,0.577,1.9
188,1,1.687,1.279,49.012,2.094,1.727,-0.133,3.49,6.53,1.455,0.891,0.5159,2626.492,0.187,9.604,4.788,4.267,1.58,1.326,0.044,1.027,0.817,0.034,0.836,27.131,4.724,0.55,1.9
191,1,1.551,0.592,24.709,1.745,1.296,-0.255,3.49,6.53,1.364,1.081,0.8486,822.143,1.052,6.787,3.342,4.773,1.458,1.049,0.029,0.859,1.074,0.137,0.796,12.032,5.782,0.543,1.9
193,1,1.455,0.606,28.991,1.643,1.239,-0.2,3.49,6.53,1.392,1.031,0.7674,947.505,0.565,6.861,3.185,4.89,1.458,0.977,0.027,0.857,1.055,0.086,0.787,13.645,5.782,0.561,1.9
